source,author,title,description,url,urlToImage,publishedAt,content
"{'id': None, 'name': 'Abril.com.br'}",Eduardo Lima,"Exploração de petróleo na Foz do Amazonas é bomba para biodiversidade, alertam cientistas","Em texto publicado na Nature, pesquisadores brasileiros mostram a sobreposição entre os blocos de exploração e regiões de conservação.",https://super.abril.com.br/ciencia/exploracao-de-petroleo-na-foz-do-amazonas-e-bomba-para-biodiversidade-alertam-cientistas/,"https://super.abril.com.br/wp-content/uploads/2025/07/2307-Amazonas-site.jpg?quality=70&strip=info&resize=1080,565&crop=1",2025-07-23T19:00:57Z,"Relâmpago: Revista em casa a partir de 10,99Em texto publicado na Nature, pesquisadores brasileiros mostram a sobreposição entre os blocos de exploração e regiões de conservação.
Por Eduardo Lima
 … [+6478 chars]"
"{'id': None, 'name': 'Uol.com.br'}",,,"Reunião ocorreu na segunda (21) na Brasilândia, na zona norte de São Paulo, onde são gravadas cenas da trama",https://www1.folha.uol.com.br/colunas/monicabergamo/2025/07/sophie-charlotte-dira-paes-e-alana-cabral-se-encontram-pela-1a-vez-em-set-de-tres-gracas-veja-foto.shtml,https://f.i.uol.com.br/fotografia/2025/07/22/1753228461688024ad53f8d_1753228461_3x2_rt.jpg,2025-07-23T16:10:51Z,"As atrizes Sophie Charlotte, Dira Paes e Alana Cabral, protagonistas de ""Três Graças"", se encontraram pela primeira vez no set de gravação da novela, na segunda-feira (21), na Brasilândia, zona norte… [+1564 chars]"
"{'id': None, 'name': 'Abril.com.br'}",Daniel Fernandes,"Ibovespa opera em modo ‘incerteza’, com altas de Petrobras, Vale e queda da WEG","Bolsa de valores estaciona nos 134 mil pontos, colocando um ponto de interrogação na capacidade do índice atingir a marca simbólica dos 150 mil pontos",https://veja.abril.com.br/economia/ibovespa-opera-em-modo-incerteza-com-altas-de-petrobras-vale-e-queda-da-weg/,"https://veja.abril.com.br/wp-content/uploads/2023/12/2-PETROBRAS-PETROLEO-GAS23987.jpg.jpg?quality=70&strip=info&resize=1080,565&crop=1",2025-07-23T14:49:02Z,"ASSINE VEJA NEGÓCIOSREVERSÃO - Refinaria: o governo quer a Petrobras reestatizando (Tais Peyneau/Agência Petrobras/.)
Continua após publicidade
A bolsa de valores opera nesta manhã de quarta-feira,… [+2002 chars]"
"{'id': 'info-money', 'name': 'InfoMoney'}",Estadão Conteúdo,"Ibovespa volta a subir com blue chips e se aproxima dos 135 mil, apesar de tarifas","A agenda de indicadores nesta quarta está vazia aqui e no exterior, com destaque a resultados corporativos, como WEG e dados de produção e vendas da Vale
The post Ibovespa volta a subir com blue chips e se aproxima dos 135 mil, apesar de tarifas appeared firs…",https://www.infomoney.com.br/mercados/ibovespa-volta-a-subir-com-blue-chips-e-se-aproxima-dos-135-mil-apesar-de-tarifas/,https://www.infomoney.com.br/wp-content/uploads/2019/06/painel-de-acoes.jpg,2025-07-23T14:47:00Z,"A desvalorização das commodities e a cautela fiscal e com tarifas norte-americanas são insuficientes para empurrar o Ibovespa para baixo no pregão desta quarta-feira, 23. As bolsas de Nova York e eur… [+3030 chars]"
"{'id': None, 'name': 'Terra.com.br'}",Guia do Carro,Mobilidade sustentável e mulheres marcam 32ª edição de simpósio automotivo,"Inédita na história do evento, a coordenação da 32ª edição do Simpósio Internacional de Engenharia Automotiva é comandada por duas mulheres:","https://www.terra.com.br/mobilidade/carros/mobilidade-sustentavel-e-mulheres-marcam-32-edicao-de-simposio-automotivo,e7fe396fd268bade0e18aedbc3ff447daihvrw27.html",https://p2.trrsf.com/image/fget/cf/1200/630/middle/images.terra.com/2025/07/23/simea25-r179d2aowspu.jpg,2025-07-23T14:43:42Z,"Sob o macrotema “Tecnologia e Mobilidade - Futuro Inteligente e Sustentável”, a AEA – Associação Brasileira de Engenharia Automotiva realiza nos dias 13 e 14 de agosto, no Novotel Center Norte, em Sã… [+3539 chars]"
"{'id': 'globo', 'name': 'Globo'}",,Ibovespa sobe com apoio de Petrobras; Vale recua após dados operacionais,"Avanço do índice local ocorre em linha com os demais ativos de risco ao redor do mundo, que ganham impulso com acordo comercial anunciado entre Estados Unidos e Japão",https://valor.globo.com/financas/noticia/2025/07/23/ibovespa-sobe-com-apoio-de-petrobras-vale-recua-apos-dados-operacionais.ghtml,https://s2-valor.glbimg.com/JLGSaBmg8K7aastg5BTQ1E1aFH8=/1200x/smart/filters:cover():strip_icc()/i.s3.glbimg.com/v1/AUTH_63b422c2caee4269b8b34177e8876b93/internal_photos/bs/2021/V/d/XdoV6ASGqf3P3y6ZHQAw/serv-financeiro-20210827-20b3-20002-boa.jpg,2025-07-23T13:47:57Z,"O Ibovespa inicia a sessão desta quarta-feira em alta, na contramão do registrado pelo índice futuro no começo do pregão. O movimento local ocorre em linha com os demais ativos de risco ao redor do m… [+1180 chars]"
"{'id': None, 'name': 'Terra.com.br'}",Reuters,Ibovespa hesita na abertura com fraqueza de commodities e balanço da WEG no radar,"O Ibovespa hesitava nos primeiros negócios desta quarta-feira, tendo como pano de fundo a ...","https://www.terra.com.br/economia/ibovespa-hesita-na-abertura-com-fraqueza-de-commodities-e-balanco-da-weg-no-radar,930b04b52b56649664dd8a6db7b9aee373jx673g.html",https://s1.trrsf.com/update-1698692222/fe/zaz-mod-t360-icons/svg/logos/terra-16x9-borda.png,2025-07-23T13:10:40Z,"O Ibovespa hesitava nos primeiros negócios desta quarta-feira, tendo como pano de fundo a fraqueza de commodities como o petróleo e o minério de ferro no exterior, o que tende a reverberar nas blue c… [+310 chars]"
"{'id': None, 'name': 'Terra.com.br'}",Reuters,"ANP aprova acordo de produção da jazida compartilhada de Jubarte, diz Petrobras","A Petrobras disse nesta quarta-feira que a Agência Nacional do Petróleo, Gás Natural e ...","https://www.terra.com.br/economia/anp-aprova-acordo-de-producao-da-jazida-compartilhada-de-jubarte-diz-petrobras,c59e6105b6168a463025e3973f2876fb0lbihl58.html",https://s1.trrsf.com/update-1698692222/fe/zaz-mod-t360-icons/svg/logos/terra-16x9-borda.png,2025-07-23T12:35:39Z,"A Petrobras disse nesta quarta-feira que a Agência Nacional do Petróleo, Gás Natural e Biocombustíveis (ANP) aprovou o Acordo de Individualização da Produção (AIP) da jazida compartilhada do pré-sal … [+616 chars]"
"{'id': 'globo', 'name': 'Globo'}",,Petrobras assina acordo de individualização da produção em Jubarte,"Termo é celebrado nas situações em que as jazidas se estendem para além das áreas concedidas ou contratadas, conforme regulamentação da ANP",https://valor.globo.com/empresas/noticia/2025/07/23/petrobras-assina-acordo-de-individualizao-da-produo-em-jubarte.ghtml,https://s2-valor.glbimg.com/xCEkMPrVuTVTYddvTZi6hPpiwds=/1200x/smart/filters:cover():strip_icc()/i.s3.glbimg.com/v1/AUTH_63b422c2caee4269b8b34177e8876b93/internal_photos/bs/2024/2/D/VRSND4QUSnUQIp755t2Q/sede-da-petrobras-no-rio-de-janeiro-em-maio-de-2024-lucas-landau-bloomberg.jpg,2025-07-23T12:12:47Z,"A Petrobras disse nesta quarta-feira (23) que a Agência Nacional do Petróleo, Gás Natural e Biocombustíveis (ANP) aprovou o acordo de individualização da produção da jazida compartilhada do pré-sal d… [+896 chars]"
"{'id': 'info-money', 'name': 'InfoMoney'}",Lara Rizério,"Petrobras: XP vê lucro de US$ 4,8 bi e dividendos de US$ 2,2 bi no 2T; veja projeções","A expectativa é de que a petroleira terá Fluxo de caixa do acionista (FCFE) de cerca de US$ 2,6 bilhões
The post Petrobras: XP vê lucro de US$ 4,8 bi e dividendos de US$ 2,2 bi no 2T; veja projeções appeared first on InfoMoney.",https://www.infomoney.com.br/mercados/petrobras-xp-ve-lucro-de-us-48-bi-e-dividendos-de-us-22-bi-no-2t-veja-projecoes/,https://www.infomoney.com.br/wp-content/uploads/2024/10/Captura-de-tela-2024-10-14-134411.png?quality=70,2025-07-23T12:02:12Z,"A Petrobras (PETR3;PETR4) publicará seu relatório de produção e vendas em 29 de julho e os resultados financeiros em 7 de agosto. 
A XP Investimentos destacou as suas projeções para o período, esper… [+3260 chars]"
"{'id': None, 'name': 'Conjur.com.br'}",Danilo Vital,"STJ julga teses tributárias, Justiça gratuita e seguro habitacional no 2º semestre","Responsável por dar a última palavra na interpretação do Direito federal brasileiro, o Superior Tribunal de Justiça poderá julgar casos de enorme impacto econômico e social no segundo semestre deste ano. Os grandes destaques da pauta estão na Corte Especial, …",https://www.conjur.com.br/2025-jul-23/stj-julga-teses-tributarias-justica-gratuita-e-seguro-habitacional-no-2o-semestre/,https://www.conjur.com.br/wp-content/uploads/2024/04/STJ-sede-predio.jpg,2025-07-23T11:51:08Z,"Responsável por dar a última palavra na interpretação do Direito federal brasileiro, o Superior Tribunal de Justiça poderá julgar casos de enorme impacto econômico e social no segundo semestre deste … [+30130 chars]"
"{'id': None, 'name': 'Abril.com.br'}",Robson Bonin,"Fundo libera R$ 29,5 bilhões a projetos da indústria naval no semestre",Dados do Ministério de Portos e Aeroportos mostram que o Fundo da Marinha Mercante já chega a R$ 70 bilhões de reais em investimentos no atual governo,https://veja.abril.com.br/coluna/radar/fundo-libera-r-295-bilhoes-a-projetos-da-industria-naval-no-semestre/,"https://veja.abril.com.br/wp-content/uploads/2025/04/petrobras-sonda-petroleo-margem-equatorial-potiguar.jpg?quality=70&strip=info&resize=1080,565&crop=1",2025-07-23T10:30:57Z,"ASSINE VEJA NEGÓCIOS
Fundo já aportou cerca de 70 bilhões de reais em ações na gestão petista; valor é três vezes maior que o aplicado no governo Bolsonaro (Petrobras/Divulgação)
Continua após publ… [+1840 chars]"
"{'id': 'globo', 'name': 'Globo'}",,Curtas,"Bosch demite
A fabricante alemã de peças automotiv...",https://valor.globo.com/empresas/noticia/2025/07/23/06ad0063-curtas.ghtml,https://s3.glbimg.com/v1/AUTH_63b422c2caee4269b8b34177e8876b93/public/fb_marca.png,2025-07-23T08:01:10Z,"Bosch demiteA fabricante alemã de peças automotivas Bosch cortará até 1.100 empregos até 2029 e vai reestruturar sua fábrica em Reutlingen, na Alemanha, já que a rápida piora do mercado automotivo es… [+917 chars]"
"{'id': 'globo', 'name': 'Globo'}",,Petrobras aposta no alcance global para contornar tarifaço,EUA correspondem a 4% das exportações de óleo da estatal e a 37% das vendas de derivados,https://valor.globo.com/empresas/noticia/2025/07/23/petrobras-aposta-no-alcance-global-para-contornar-tarifaco.ghtml,https://s2-valor.glbimg.com/WlR2Tve6QJ1PJUMeNAK-1UbJpJA=/1200x/smart/filters:cover():strip_icc()/i.s3.glbimg.com/v1/AUTH_63b422c2caee4269b8b34177e8876b93/internal_photos/bs/2025/e/H/HrBVLnTamCQBVo6ONXUg/foto23emp-101-petrobras-b4.jpg,2025-07-23T08:01:09Z,"Em tempos de ameaças de tarifas e volatilidade nos preços das commodities, a Petrobras se apega ao alcance global da companhia para contornar possíveis barreiras comerciais dos Estados Unidos. Claudi… [+444 chars]"
"{'id': 'info-money', 'name': 'InfoMoney'}",Lara Rizério,Ibovespa tem leve queda após flertar com 135 mil pontos e apesar de Vale e Petrobras,"Ações de blue chips tiveram ganhos na sessão desta terça-feira
The post Ibovespa tem leve queda após flertar com 135 mil pontos e apesar de Vale e Petrobras appeared first on InfoMoney.",https://www.infomoney.com.br/mercados/ibovespa-tem-leve-queda-apos-flertar-com-135-mil-pontos-e-apesar-de-vale-e-petrobras/,https://www.infomoney.com.br/wp-content/uploads/2024/06/Bolsa-pregao-def-1.jpg?quality=70,2025-07-22T20:49:17Z,"SÃO PAULO (Reuters) O Ibovespa fechou com um declínio modesto nesta terça-feira, apesar do avanço das blue chips Vale (VALE3) e Petrobras (PETR3;PETR4), uma vez que permanecem receios com potenciais … [+4355 chars]"
"{'id': None, 'name': 'Metropoles.com'}",Carlos Rydlewski,Dólar e Bolsa fecham estáveis em dia de trégua de Trump com tarifaço,"A moeda americana registrou uma pequena alta de 0,04%, a R$ 5,56, e o Ibovespa fechou com leve queda de 0,10%, aos 134.035 pontos",https://www.metropoles.com/negocios/dolar-e-bolsa-fecham-estaveis-em-dia-de-tregua-de-trump-com-tarifaco,https://uploads.metroimg.com/wp-content/uploads/2025/03/21162027/dolar-16.jpg,2025-07-22T20:27:31Z,"Os mercados de câmbio e ações encerraram esta terça-feira (22/7) estáveis no Brasil, embora tenham oscilado bastante ao longo dos respectivos pregões. O dólar registrou uma pequena alta de 0,04%, cot… [+3178 chars]"
"{'id': None, 'name': 'Abril.com.br'}",Daniel Fernandes,Bolsa tem pequena queda e estaciona nos 134 mil pontos apesar da Vale (VALE3),"Ibovespa estaciona nos 134 mil pontos, apesar do bom desempenho da Vale (VALE3) no pregão; Embraer (EMBR3) decepciona apesar de resultados bons",https://veja.abril.com.br/economia/bolsa-tem-pequena-queda-e-estaciona-nos-134-mil-pontos-apesar-da-vale-vale3/,"https://veja.abril.com.br/wp-content/uploads/2019/01/economia-bovespa-20190109-001.jpg?quality=70&strip=info&resize=1080,565&crop=1",2025-07-22T20:25:56Z,"ASSINE VEJA NEGÓCIOSPainel eletrônico na bolsa de valores B3 em São Paulo - 09/01/2019 (Cris Faga/NurPhoto/Getty Images)
Continua após publicidade
A bolsa de valores encerrou o pregão desta terça-f… [+2112 chars]"
"{'id': None, 'name': 'Uol.com.br'}",,,"Segunda edição do prêmio tem 26 categorias e lista obras de Lilia Schwarcz, Renato Lessa e Marcelo Gleiser entre concorrentes",https://www1.folha.uol.com.br/ciencia/2025/07/alexandre-de-moraes-tem-livro-indicado-ao-jabuti-academico-veja-finalistas.shtml,https://f.i.uol.com.br/fotografia/2025/06/07/174931512568446e35bcb9a_1749315125_3x2_rt.jpg,2025-07-22T17:54:52Z,"Os livros e autores finalistas do Prêmio Jabuti Acadêmico, que chega a sua segunda edição, foram anunciados pela Câmara Brasileira do Livro nesta terça (22).
Na lista constam nomes como o do ministr… [+24487 chars]"
"{'id': None, 'name': 'Metropoles.com'}",Conteúdo Especial,Rio Innovation Week: grandes nomes debatem construção de futuro justo,"De 12 a 15 de agosto, evento traz 2 mil startups, 400 expositores e 40 palcos simultâneos, com foco em inovação, tecnologia e impacto social",https://www.metropoles.com/conteudo-especial/rio-innovation-week-2025,https://uploads.metroimg.com/wp-content/uploads/2025/07/01132837/RIW-Metropoles.jpg,2025-07-22T17:29:00Z,"De 12 a 15 de agosto, o Rio de Janeiro se transforma no principal ponto de encontro para quem pensa no futuro. O Rio Innovation Week 2025 chega à quinta edição consolidado como o maior evento de inov… [+6981 chars]"
"{'id': 'info-money', 'name': 'InfoMoney'}",Lara Rizério,Temporada de balanços do 2T25 ganha destaque: veja ações e setores para ficar de olho,"Analistas projetam números relativamente positivos, mas já mostrando alguns sinais de fraqueza por conta dos juros altos; nas teles, questões como tarifaço dos EUA estarão no radar
The post Temporada de balanços do 2T25 ganha destaque: veja ações e setores pa…",https://www.infomoney.com.br/mercados/temporada-de-balancos-do-2t25-ganha-destaque-veja-acoes-e-setores-para-ficar-de-olho/,https://www.infomoney.com.br/wp-content/uploads/2024/05/2024-05-29T141042Z_1_LYNXMPEK4S0MF_RTROPTP_4_BOLSA-IBOVESPA-ABRE.jpg?quality=70,2025-07-22T15:54:57Z,"A temporada de resultados do segundo trimestre de 2025 (2T25) ganha força, com a divulgação dos números no Brasil se concentrando entre o fim de julho e meados de agosto. 
Para o Morgan Stanley, olh… [+19343 chars]"
"{'id': 'globo', 'name': 'Globo'}",,Entenda por que Lula foi preso e por que ele foi solto,"Ex-presidente chegou a ser preso durante a Operação da Lava-Jato, mas teve processos anulados pelo STF",https://valor.globo.com/politica/artigo/por-que-lula-foi-preso-e-por-que-ele-foi-solto.ghtml,https://s2-valor.glbimg.com/LeK92hAmws0r2Yf79T77E_XxxOg=/1200x/smart/filters:cover():strip_icc()/i.s3.glbimg.com/v1/AUTH_63b422c2caee4269b8b34177e8876b93/internal_photos/bs/2025/o/O/SUJDZZS2OePFXwS4F5FA/foto21pol-101-lula-a12.jpg,2025-07-22T15:40:24Z,"O presidente Luiz Inácio Lula da Silva (PT) já foi preso em duas situações diferentes, sendo a mais conhecida em entre 2018 e 2019 em meio a apurações sobre casos de corrupção na conhecida Operação L… [+4357 chars]"
"{'id': None, 'name': 'Abril.com.br'}",Daniel Fernandes,Bolsa de valores em alta com Petrobras e Vale puxando Ibovespa,Embraer apresenta variação positiva após apresentação de relatório de encomendas na véspera,https://veja.abril.com.br/economia/bolsa-de-valores-em-alta-com-petrobras-e-vale-puxando-ibovespa/,"https://veja.abril.com.br/wp-content/uploads/2022/03/E175-E2-Embraer-630x420-1.jpg?quality=70&strip=info&resize=1080,565&crop=1",2025-07-22T14:45:29Z,"ASSINE VEJA NEGÓCIOSAvião da Embraer (Embraer/Divulgação)
Continua após publicidade
A bolsa de valores nesta terça-feira, 22, experimenta mais um dia de elevação nesta primeira parte do pregão. Por… [+717 chars]"
"{'id': None, 'name': 'Uol.com.br'}",,,"Cláudio Castro quer criar cargo especialmente para o filho de Jair Bolsonaro, mas há risco de complicação jurídica",https://www1.folha.uol.com.br/colunas/monicabergamo/2025/07/governador-do-rj-quer-eduardo-como-secretario-para-ajuda-lo-a-salvar-mandato.shtml,https://f.i.uol.com.br/fotografia/2024/07/30/172234039266a8d42821768_1722340392_3x2_rt.jpg,2025-07-22T14:40:49Z,"O governador do Rio de Janeiro, Cláudio Castro (PL-RJ), quer nomear Eduardo Bolsonaro (PL-SP) para uma secretaria especial de seu governo nos EUA para ajudá-lo a salvar o mandato de deputado federal.… [+2294 chars]"
"{'id': 'globo', 'name': 'Globo'}",,Ibovespa tem 2ª sessão de recuperação com apoio da Vale,"Noticiário político-tarifário permanece no foco dos investidores, mas o avanço de boa parte das blue chips atua como contrapeso e garante fôlego ao índice",https://valor.globo.com/financas/noticia/2025/07/22/ibovespa-tem-2a-sessao-de-recuperacao-com-apoio-da-vale.ghtml,https://s2-valor.glbimg.com/8mGvwmArgYOmwsjJuQ-egs-Sb3s=/1200x/smart/filters:cover():strip_icc()/i.s3.glbimg.com/v1/AUTH_63b422c2caee4269b8b34177e8876b93/internal_photos/bs/2025/q/o/M9BNRrQ2uUOg166j285A/380909641.jpg,2025-07-22T13:32:43Z,"O Ibovespa engata a segunda sessão de recuperação nesta terça-feira, com suporte da Vale, que amplia os ganhos expressivos do pregão anterior. O noticiário político-tarifário permanece no foco dos in… [+1521 chars]"
"{'id': 'globo', 'name': 'Globo'}",,"Lula deve cobrar sobre petróleo, mas também fazer","Presidente está certo ao exigir dos países ricos o fim dos combustíveis fósseis, mas erra ao usar inação para justificar petróleo na foz do Amazonas",https://valor.globo.com/opiniao/coluna/lula-deve-cobrar-sobre-petroleo-mas-tambem-fazer.ghtml,https://s2-valor.glbimg.com/fWb39PLNcz_XPrUIanjfAIyglf4=/1200x/smart/filters:cover():strip_icc()/i.s3.glbimg.com/v1/AUTH_63b422c2caee4269b8b34177e8876b93/internal_photos/bs/2025/i/5/AJY5nZSJSAmiDh1pZkNw/foto22opin-201-col-op1-a14.jpg,2025-07-22T08:01:13Z,"1 de 1
 Foto: Steferson Faria/Petrobras 
Foto: Steferson Faria/Petrobras 
Não há país imune aos efeitos das mudanças climáticas. Parece óbvio, mas as ações de governos em várias partes do mundo - … [+466 chars]"
"{'id': 'info-money', 'name': 'InfoMoney'}",Estadão Conteúdo,Silveira diz esperar que Petrobras reduza ainda mais combustíveis: “Temos condição”,"Questionado sobre suas pretensões eleitorais, Silveira reafirmou o apoio à reeleição de Lula e não descartou ser candidato a algum posto por Minas Gerais em 2026
The post Silveira diz esperar que Petrobras reduza ainda mais combustíveis: “Temos condição” appe…",https://www.infomoney.com.br/politica/silveira-diz-esperar-que-petrobras-reduza-ainda-mais-combustiveis-temos-condicao/,https://www.infomoney.com.br/wp-content/uploads/2024/09/alexandre-silveira.jpg?quality=70,2025-07-21T22:49:01Z,"O ministro de Minas e Energia, Alexandre Silveira, disse esperar forte volatilidade no mercado internacional de petróleo, devido aos conflitos geopolíticos, e afirmou que o governo faz de tudo para m… [+1776 chars]"
"{'id': None, 'name': 'Abril.com.br'}",Daniel Fernandes,TIM paga na próxima quarta dividendos e JCP: saiba se você tem direito a receber,Benefícios se incorporam a anúncios feitos anteriormente por Bradesco e Petrobras,https://veja.abril.com.br/economia/tim-paga-na-proxima-quarta-dividendos-e-jcp-saiba-se-voce-tem-direito-a-receber/,"https://veja.abril.com.br/wp-content/uploads/2024/08/TIM_RIR_LOJA_vs011_002.jpg?quality=70&strip=info&resize=1080,565&crop=1",2025-07-21T20:27:13Z,"ASSINE VEJA NEGÓCIOS (Divulgação/Divulgação)
Continua após publicidade
A TIM (TIMS3) é mais uma empresa que paga neste fim de mês proventos aos investidores. As informações constam do site de relaç… [+1241 chars]"
"{'id': 'globo', 'name': 'Globo'}",,Ibovespa retoma 134 mil pontos em dia de correção; ação da Vale sobe quase 3%,"Índice chegou a se aproximar dos 135 mil pontos, mas devolveu um pouco dos ganhos durante a tarde, em meio a uma virada negativa de bancos",https://valor.globo.com/financas/noticia/2025/07/21/ibovespa-retoma-134-mil-pontos-em-dia-de-correcao-acao-da-vale-sobe-quase-3percent.ghtml,https://s2-valor.glbimg.com/6PG0L6LUkuM3aPn6lQupszmdads=/1200x/smart/filters:cover():strip_icc()/i.s3.glbimg.com/v1/AUTH_63b422c2caee4269b8b34177e8876b93/internal_photos/bs/2020/i/8/ohSZwhSdy1pC3GEfuZzA/190612-20bmf-20bovespa-2053.jpg,2025-07-21T20:26:21Z,"Após encerrar com forte perda de 1,61% na sexta-feira, o Ibovespa passou por um movimento de correção desde o início dos negócios desta segunda-feira, apoiado pelo avanço de blue chips de commodities… [+1364 chars]"
"{'id': None, 'name': 'Metropoles.com'}",Andre Shalders,Eduardo Cunha muda-se para a BH de Dilma e monta rede de 3 rádios,Eduardo Cunha muda-se para Belo Horizonte e diz que provavelmente mudará domicílio eleitoral para MG,https://www.metropoles.com/colunas/andreza-matais/eduardo-cunha-muda-pra-bh,https://uploads.metroimg.com/wp-content/uploads/2024/03/14101326/Eduardo-Cunha-1.jpg,2025-07-21T18:33:22Z,"Ex-presidente da Câmara dos Deputados, Eduardo Cunha está de mudança para Belo Horizonte (MG). Pivô do impeachment da ex-presidente da República Dilma Rousseff (PT), o ex-deputado agora viverá na cap… [+3563 chars]"
"{'id': None, 'name': 'Ig.com.br'}","Espaço do povo, Espaço do povo",Favela Gaming distribuirá 5 mil bolsas para jovens periféricos com apoio da Petrobras,O projeto Favela Gaming vai conceder 5 mil bolsas de estudo e oferecer mais de...,https://ultimosegundo.ig.com.br/parceiros/espaco-do-povo/2025-07-21/favela-gaming-distribuira-5-mil-bolsas-para-jovens-perifericos-com-apoio-da-petrobras.html,https://i0.statig.com.br/bancodeimagens/e1/78/n7/e178n7egc4i30pkggzsq7hb2j.jpg,2025-07-21T16:49:57Z,"O projeto Favela Gaming vai conceder 5 mil bolsas de estudo e oferecer mais de 120 aulas gratuitas sobre carreiras no universo dos games em 2025. Com apoio da Petrobras, a iniciativa já iniciou uma t… [+714 chars]"
"{'id': None, 'name': 'Metropoles.com'}",Marco Miguel,"Além de taxar ricos, Brasil pode arrecadar mais e melhor","Estudos do Ipea sugerem taxar petróleo, lucros e dividendos, imposto de 14% para quem ganha mais de R$ 50 mil e aumentar eficiência do IRPJ",https://www.metropoles.com/blog-do-noblat/alem-de-taxar-ricos-brasil-pode-arrecadar-mais-e-melhor,https://uploads.metroimg.com/wp-content/uploads/2023/06/17162727/reforma-tributaria-impostos.jpg,2025-07-21T16:00:22Z,"Isenção para quem ganha até R$ 5 mil, taxação dos super-ricos, aumento do IOF. O governo tenta enfrentar nossa injustiça tributária ao mesmo tempo que precisa impedir que seus bolsos fiquem vazios em… [+3800 chars]"
"{'id': 'info-money', 'name': 'InfoMoney'}",Lara Rizério,"NY, minério, Haddad e IPCA no Focus: o que impulsiona Ibovespa, apesar de tarifas","Além da alta do Ibovespa, o dólar cai ante o real e os juros futuros curtos têm alívio, observa Bruna Sene, analista de renda variável da Rico, em nota
The post NY, minério, Haddad e IPCA no Focus: o que impulsiona Ibovespa, apesar de tarifas appeared first o…",https://www.infomoney.com.br/mercados/ny-minerio-haddad-e-ipca-no-focus-o-que-impulsiona-ibovespa-apesar-de-tarifas/,https://www.infomoney.com.br/wp-content/uploads/2025/06/EspacoB3_05.jpg?quality=70,2025-07-21T14:50:14Z,"A alta de 2,08% do minério de ferro em Dalian, na China, e dos índices das bolsas de Nova York empurram para cima o Ibovespa no início do pregão desta segunda-feira (21) de agenda esvaziada. Além dis… [+3758 chars]"
"{'id': 'globo', 'name': 'Globo'}",,"Galp tem lucro de US$ 366 milhões no 2º trimestre, queda de 13%","Petroleira portuguesa somou 5,06 bilhões de euros em receita operacional entre abril e junho, queda de 13,5% na comparação anual, e Ebitda de 729 milhões de euros, recuo de 25,3%",https://valor.globo.com/empresas/noticia/2025/07/21/galp-tem-lucro-de-us-366-milhoes-no-2o-trimestre-queda-de-13percent.ghtml,https://s2-valor.glbimg.com/-BgS6A4A34g319TJN3ATiqJcrjM=/1200x/smart/filters:cover():strip_icc()/i.s3.glbimg.com/v1/AUTH_63b422c2caee4269b8b34177e8876b93/internal_photos/bs/2019/E/L/6xB9clTGmcKTtCz8u8XQ/7-plata-forma-1-alto.jpg,2025-07-21T12:01:09Z,"A Galp fechou o segundo trimestre com lucro de 315 milhões de euros (US$ 366 milhões), representando uma queda de 13% frente o mesmo período do ano passado. A petroleira portuguesa somou 5,06 bilhões… [+545 chars]"
"{'id': 'info-money', 'name': 'InfoMoney'}",Lara Rizério,Ministro diz esperar que Petrobras (PETR4) reduza ainda mais os combustíveis,"""Temos condição e espero que a empresa ainda reduza mais os preços dos combustíveis. É a minha expectativa, se nós continuarmos com o Brent nos níveis que estão hoje"", disse Alexandre Silveira
The post Ministro diz esperar que Petrobras (PETR4) reduza ainda m…",https://www.infomoney.com.br/mercados/ministro-diz-esperar-que-petrobras-petr4-reduza-ainda-mais-os-combustiveis/,https://www.infomoney.com.br/wp-content/uploads/2024/09/alexandre-silveira.jpg?quality=70,2025-07-21T11:57:04Z,"O ministro de Minas e Energia, Alexandre Silveira, disse esperar forte volatilidade no mercado internacional de petróleo, devido aos conflitos geopolíticos, e afirmou que o governo faz de tudo para m… [+1776 chars]"
"{'id': None, 'name': 'Abril.com.br'}",Daniel Fernandes,Bolsa de valores começa a semana com o desafio de recuperar o fôlego após turbulências,"Taxação de Trump, investigação envolvendo o Pix e cenário político levam o Ibovespa a frear nos 130 mil pontos; saiba o que vem pela frente",https://veja.abril.com.br/economia/bolsa-de-valores-comeca-a-semana-com-o-desafio-de-recuperar-o-folego-apos-turbulencias/,"https://veja.abril.com.br/wp-content/uploads/2019/06/economia-b3-bolsa-de-valores-20190129-003.jpg?quality=70&strip=info&resize=1080,565&crop=1",2025-07-21T11:53:24Z,"ASSINE VEJA NEGÓCIOSSaguão da B3 - Bolsa de Valores localizada no centro de São Paulo (SP) - 29/01/2019 (Cris Faga/NurPhoto/Getty Images)
Continua após publicidade
A bolsa de valores de São Paulo r… [+2040 chars]"
"{'id': 'info-money', 'name': 'InfoMoney'}",Felipe Moreira,"Petrobras, BB, Rede D’Or, Fleury, Ambev e mais ações para acompanhar hoje","Confira os principais destaques do noticiário corporativo desta segunda-feira
The post Petrobras, BB, Rede D’Or, Fleury, Ambev e mais ações para acompanhar hoje appeared first on InfoMoney.",https://www.infomoney.com.br/mercados/petrobras-bb-rede-dor-fleury-ambev-e-mais-acoes-para-acompanhar-hoje/,https://www.infomoney.com.br/wp-content/uploads/2025/07/b3-bolsa-valores-ibovespa-mercado-sp01.webp?quality=70,2025-07-21T11:11:18Z,"O radar corporativo desta segunda-feira (21) traz a mudança na presidência do conselho de administração da Vivara (VIVA3). Além disso, o Banco do Brasil (BBAS3) anunciou 5 novos nomes para comando de… [+3122 chars]"
"{'id': 'info-money', 'name': 'InfoMoney'}",Felipe Moreira,Petrobras diz que estuda oportunidades em todos os segmentos de energia,"Estatal também esclarece que não há nenhum estudo para voltar ao setor de distribuição por meio de um projeto greenfield
The post Petrobras diz que estuda oportunidades em todos os segmentos de energia appeared first on InfoMoney.",https://www.infomoney.com.br/mercados/petrobras-diz-que-estuda-oportunidades-em-todos-os-segmentos-de-energia/,https://www.infomoney.com.br/wp-content/uploads/2024/04/2024-04-17T213037Z_1_LYNXNPEK3G0Y9_RTROPTP_4_ENERGIA-PETROBRAS-PIETRO-DEVOLTA.jpg?quality=70,2025-07-21T09:58:09Z,"© 2000-2025 InfoMoney. Todos os direitos reservados.
 O InfoMoney preza a qualidade da informação e atesta a apuração de todo o conteúdo produzido por sua
 equipe,
 ressaltando, no entanto, que nã… [+1238 chars]"
"{'id': 'globo', 'name': 'Globo'}",,"União poderá ir à Justiça para evitar ‘jabutis’ em MPs do setor elétrico, diz Silveira",Ministro de Minas e Energias afirma ter convicção que os textos com as novas regras para o setor sairão melhores do Legislativo,https://valor.globo.com/brasil/noticia/2025/07/21/uniao-podera-ir-a-justica-para-evitar-jabutis-em-mps-do-setor-eletrico-diz-silveira.ghtml,https://s2-valor.glbimg.com/9eMhbnRNqfiSuoAPF39G8lEh7nA=/1200x/smart/filters:cover():strip_icc()/i.s3.glbimg.com/v1/AUTH_63b422c2caee4269b8b34177e8876b93/internal_photos/bs/2025/2/O/DhdiFAT4OtUUXLAj9HfA/foto21bra-101-silveira-a6.jpg,2025-07-21T08:00:25Z,"O ministro de Minas e Energia, Alexandre Silveira, afirmou em entrevista exclusiva ao Valor que o governo usará todos os instrumentos à disposição, inclusive a judicialização, para evitar que jabutis… [+16545 chars]"
"{'id': None, 'name': 'Terra.com.br'}",Estadão Conteúdo,Alto Escalão: Nubank chama ex-BC,"O ex-diretor de regulação do Banco Central, Otávio Damaso, virou consultor para assuntos ...","https://www.terra.com.br/economia/alto-escalao-nubank-chama-ex-bc,fe1c4a3fa24313af863b3b19b29d5231ckpbom5i.html",https://s1.trrsf.com/update-1698692222/fe/zaz-mod-t360-icons/svg/logos/terra-16x9-borda.png,2025-07-20T06:12:12Z,"O ex-diretor de regulação do Banco Central, Otávio Damaso, virou consultor para assuntos regulatórios e de gestão do Nubank.
Santander Corretora. Contratou Daniel Cunha (ex-BGC) como head de Macro S… [+1624 chars]"
"{'id': None, 'name': 'Uol.com.br'}",Alessandro Reis,,"Abastacer carros flex com etanol está economicamente mais vantajoso apenas em nove estados e no Distrito Federal.Nas demais 17 unidades federativas do Brasil, vale mais a pena colocar gasolina no tanque de combustível.É o que aponta estudo da empresa d",https://www.uol.com.br/carros/noticias/redacao/2025/07/19/etanol-x-gasolina-alcool-da-prejuizo-na-maior-parte-do-brasil-veja-precos.htm,https://conteudo.imguol.com.br/c/entretenimento/bb/2023/10/27/tanque-cheio-encher-o-tanque-combustivel-gasolina-etanol-posto-enchendo-tanque-carro-1698441131581_v2_615x300.jpg,2025-07-19T20:36:58Z,"Desde quando a Petrobras anunciou a redução no preço da gasolina, em junho, os postos vêm registrando uma queda gradual nos valores praticados, ainda que modesta e inferior ao que se previa. A retraç… [+1054 chars]"
"{'id': None, 'name': 'Diariodocentrodomundo.com.br'}",Diario do Centro do Mundo,"As mentiras, o cinismo e o desespero de Bolsonaro","Originalmente publicado em O Cafézinho Respondemos aqui às principais mentiras de Bolsonaro em sua entrevista à Band News. É extremamente importante desmentir as mentiras de Bolsonaro. Na entrevista à Band News, realizada ontem após comparecer à Polícia Feder…",https://www.diariodocentrodomundo.com.br/as-mentiras-o-cinismo-e-o-desespero-de-bolsonaro/,https://www.diariodocentrodomundo.com.br/wp-content/uploads/2025/07/images-26.jpeg,2025-07-19T17:39:07Z,"Bolsonaro em entrevista a BandNews. Foto: Reprodução
Originalmente publicado em O Cafézinho
Respondemos aqui às principais mentiras de Bolsonaro em sua entrevista à Band News.É extremamente importa… [+6699 chars]"
"{'id': None, 'name': 'Abril.com.br'}",Robson Bonin,"‘Paguei pelos meus erros’, diz Youssef, agora livre da Lava-Jato","'Paguei pelos meus erros e chegou a hora de os outros pagarem também', diz o doleiro",https://veja.abril.com.br/coluna/radar/paguei-pelos-meus-erros-diz-youssef-agora-livre-da-lava-jato/,"https://veja.abril.com.br/wp-content/uploads/2017/08/alberto-yousseff-2017.jpg?quality=70&strip=info&resize=1080,565&crop=1",2025-07-19T17:01:17Z,"Abril Day: Assine Digital Completo por 2,99
Cometi muitos erros, mas eles cometeram erros demais. Paguei pelos meus erros e chegou a hora de os outros pagarem também, diz Youssef (Jefferson Coppola/… [+926 chars]"
"{'id': 'info-money', 'name': 'InfoMoney'}",marialuizadourado,Operação contra Bolsonaro fortalece Tarcísio e prejudica conversa com os EUA,"Cristiano Noronha, vice-presidente da Arko Advice, analisa operação da PF contra o ex-presidente Jair Bolsonaro (PL), que teve de colocar tornozeleira eletrônica
The post Operação contra Bolsonaro fortalece Tarcísio e prejudica conversa com os EUA appeared fi…",https://www.infomoney.com.br/politica/operacao-contra-bolsonaro-fortalece-tarcisio-e-prejudica-conversa-com-os-eua/,https://www.infomoney.com.br/wp-content/uploads/2024/02/tarcisio-bolsonaro.jpg?fit=790%2C460&quality=70&strip=all,2025-07-19T08:00:00Z,O nome de Tarcísio de Freitas (Republicanos) para representar a direita nas eleições presidenciais de 2026 sai fortalecido após a operação da Polícia Federal contra o ex-presidente Jair Bolsonaro (PL… [+3543 chars]
"{'id': None, 'name': 'Abril.com.br'}",Pedro Pupulim,Orquestra Petrobras Sinfônica chega a SP com dose dupla em agosto,Apresentações nos dias 2 e 3 do próximo mês se inserem no contexto de celebração dos 50 anos do grupo,https://veja.abril.com.br/coluna/radar/orquestra-petrobras-sinfonica-chega-a-sp-com-dose-dupla-em-agosto/,"https://veja.abril.com.br/wp-content/uploads/2025/07/2024_07_01-Petrobras-Sinfonica-@Teatro-Colon-©Juan-Montani-374.jpg?quality=70&strip=info&resize=1080,565&crop=1",2025-07-18T21:30:23Z,"Abril Day: Assine Digital Completo por 2,99
Maestro Isaac Karabtchevsky (Juan Montoni/Divulgação)
Continua após publicidade
No ano em que celebra seus 50 anos, a Orquestra Petrobras Sinfônica cheg… [+783 chars]"
"{'id': 'globo', 'name': 'Globo'}",,Ibovespa perde os 134 mil pontos com embate 'político-tarifário' e sem apoio de bancos,A grande preocupação de agentes financeiros é que o possível aumento das tensões comerciais respingue na corrida eleitoral de 2026,https://valor.globo.com/financas/noticia/2025/07/18/ibovespa-perde-os-134-mil-pontos-com-embate-politico-tarifario-e-sem-apoio-de-bancos.ghtml,https://s2-valor.glbimg.com/OhHpFR7mPWJkR3eHgVrdXVJuQSk=/1200x/smart/filters:cover():strip_icc()/i.s3.glbimg.com/v1/AUTH_63b422c2caee4269b8b34177e8876b93/internal_photos/bs/2024/V/x/C5klLCTh6vE6wBewCRqw/417075513.jpg,2025-07-18T20:23:18Z,"m um pregão marcado pelo intenso noticiário eleitoral, o Ibovespa adotou um movimento negativo desde o início da sessão. No fim dos negócios, o índice fechou em queda forte de 1,61%, aos 133.382 pont… [+1116 chars]"
"{'id': None, 'name': 'Abril.com.br'}",Felipe Erlich,Ibovespa fecha abaixo dos 134 mil pontos após tornozeleira de Bolsonaro elevar tensão com os EUA,Mercado financeiro observa com apreensão a crise tarifária entre Brasil e Trump,https://veja.abril.com.br/economia/ibovespa-fecha-abaixo-dos-134-mil-pontos-apos-tornozeleira-de-bolsonaro-elevar-tensao-com-os-eua/,"https://veja.abril.com.br/wp-content/uploads/2016/06/bovespa-economia-sao-paulo-20130109-99-original18.jpeg?quality=70&strip=info&resize=1080,565&crop=1",2025-07-18T20:07:29Z,"ASSINE VEJA NEGÓCIOSIbovespa, em São Paulo (Reinaldo Canato/VEJA)
Continua após publicidade
O mercado financeiro aprofundou perdas ao longo do dia e encerrou o pregão desta sexta-feira em baixa de … [+2674 chars]"
"{'id': 'info-money', 'name': 'InfoMoney'}",Lara Rizério,Ibovespa: temor em “dose dupla” de escalada de tarifas faz índice cair mais de 1%,"Uma das dúvidas é se operação de hoje da PF contra Jair Bolsonaro pode levar a uma postura mais agressiva por parte do presidente dos Estados Unidos, Donald Trump, em relação às tarifas contra o Brasil
The post Ibovespa: temor em “dose dupla” de escalada de t…",https://www.infomoney.com.br/mercados/ibovespa-temor-em-dose-dupla-de-escalada-de-tarifas-faz-indice-cair-mais-de-1-entenda/,https://www.infomoney.com.br/wp-content/uploads/2019/06/grafico-queda-ibovespa-investimento-3.jpg?quality=70,2025-07-18T18:28:12Z,"O Ibovespa ampliava as perdas nesta tarde, penalizado pela aceleração da queda das ações da Petrobras (PETR3;PETR4), em linha com a fraqueza do petróleo no exterior, e pela piora dos índices de ações… [+4470 chars]"
"{'id': 'info-money', 'name': 'InfoMoney'}",Estadão Conteúdo,Tensão política no Brasil fará Trump “dobrar a aposta”? Veja os cenários do mercado,"Temor com tarifas por tensão política no Brasil leva Ibovespa à queda, mas há visões diversas sobre próximos passos de Trump
The post Tensão política no Brasil fará Trump “dobrar a aposta”? Veja os cenários do mercado appeared first on InfoMoney.",https://www.infomoney.com.br/mercados/tensao-politica-no-brasil-fara-trump-dobrar-a-aposta-tarifas-veja-os-cenarios-do-mercado/,https://www.infomoney.com.br/wp-content/uploads/2020/03/49633459132_20ef951865_o-1-2.jpg?quality=70,2025-07-18T15:12:19Z,"O Ibovespa cai na sessão desta sexta-feira, 18, apesar da alta das commodities. Um dos entendimentos de analistas é que a operação da Polícia Federal (PF) contra o ex-presidente Jair Bolsonaro pela m… [+5329 chars]"
"{'id': 'globo', 'name': 'Globo'}",,Tuvis define planos de expansão internacional,"Apoiada por investidores visionários, a empresa israelense-brasileira muda o atendimento das empresas ao oferecer segurança e compliance em aplicativos como o WhatsApp",https://valor.globo.com/patrocinado/dino/noticia/2025/07/18/tuvis-define-planos-de-expansao-internacional-2.ghtml,https://s2-valor.glbimg.com/a44g_d7D5UzXYJjffakK5uMROTs=/1200x/smart/filters:cover():strip_icc()/i.s3.glbimg.com/v1/AUTH_63b422c2caee4269b8b34177e8876b93/internal_photos/bs/2025/J/B/S03jmtShqaxBPG3Awlfw/publicador-api-dino-370ec31c-ff19-41b5-93d3-e67604699dd9.png,2025-07-18T15:05:00Z,"Tuvis, empresa israelense-brasileira que já está presente em quase todos os maiores bancos do Brasil e em diversos outros países, começou oficialmente a sua expansão para os Estados Unidos, algo que … [+3959 chars]"
"{'id': None, 'name': 'Abril.com.br'}",Daniel Fernandes,Incerteza aumenta com nova operação contra Bolsonaro e bolsa perde fôlego,"Bolsa por volta do meio-dia mostrava queda, indicando que o Ibovespa pode perder o fôlego mostrado no primeiro semestre do ano",https://veja.abril.com.br/economia/incerteza-aumenta-com-nova-operacao-contra-bolsonaro-e-bolsa-perde-folego/,"https://veja.abril.com.br/wp-content/uploads/2025/06/000_648J6XG.jpg?quality=70&strip=info&resize=1080,565&crop=1",2025-07-18T14:39:51Z,"ASSINE VEJA NEGÓCIOSJair Bolsonaro em ato na Avenida Paulista (São Paulo), em 29 de junho de 2025 (Miguel SCHINCARIOL/AFP)
Continua após publicidade
A bolsa de valoresrecua nesta sexta-feira, 18, e… [+2289 chars]"
"{'id': 'globo', 'name': 'Globo'}",,Tuvis define planos de expansão internacional,"Apoiada por investidores visionários, a empresa israelense-brasileira muda o atendimento das empresas ao oferecer segurança e compliance em aplicativos como o WhatsApp",https://valor.globo.com/patrocinado/dino/noticia/2025/07/18/tuvis-define-planos-de-expansao-internacional-1.ghtml,https://s2-valor.glbimg.com/qww9pwhc_mX1RBuDnpjtVyeYV1w=/1200x/smart/filters:cover():strip_icc()/i.s3.glbimg.com/v1/AUTH_63b422c2caee4269b8b34177e8876b93/internal_photos/bs/2025/i/V/UKu6dNSke0q0Vf76Qjyg/publicador-api-dino-370ec31c-ff19-41b5-93d3-e67604699dd9.png,2025-07-18T14:25:00Z,"Tuvis, empresa israelense-brasileira que já está presente em quase todos os maiores bancos do Brasil e em diversos outros países, começou oficialmente a sua expansão para os Estados Unidos, algo que … [+3960 chars]"
"{'id': 'info-money', 'name': 'InfoMoney'}",Amanda Garcia,"Quando todos vivermos de renda, quem erguerá o futuro?","O Brasil se financeirizou. Financeirizar é um bom negócio quando o país já está construído. O nosso ainda não está
The post Quando todos vivermos de renda, quem erguerá o futuro? appeared first on InfoMoney.",https://www.infomoney.com.br/colunistas/convidados/quando-todos-vivermos-de-renda-quem-erguera-o-futuro/,https://www.infomoney.com.br/wp-content/uploads/2025/07/construir-economia.jpeg?fit=1536%2C1024&quality=70&strip=all,2025-07-18T14:00:00Z,"Os desafios econômicos brasileiros são vastos e as análises, infinitas. Especialistas surgem com críticas e soluções aos montes, inclusive este que vos fala. Equilíbrio fiscal, arcabouço fiscal, resp… [+5183 chars]"
"{'id': 'globo', 'name': 'Globo'}",,Ibovespa cai com embate tarifário no radar; mercado monitora operação da PF contra Bolsonaro,"Agentes citam que a postagem  do senador Flávio Bolsonaro (PL-SP), em suas redes sociais, de que o “justo” seria o presidente americano, Donald Trump, suspender a taxação de 50% a importações e colocar uma “sanção individual”",https://valor.globo.com/financas/noticia/2025/07/18/ibovespa-cai-com-embate-tarifario-no-radar-mercado-monitora-operacao-da-pf-contra-bolsonaro.ghtml,https://s2-valor.glbimg.com/8mGvwmArgYOmwsjJuQ-egs-Sb3s=/1200x/smart/filters:cover():strip_icc()/i.s3.glbimg.com/v1/AUTH_63b422c2caee4269b8b34177e8876b93/internal_photos/bs/2025/q/o/M9BNRrQ2uUOg166j285A/380909641.jpg,2025-07-18T13:45:26Z,"Em dia de vencimento de opções sobre ações, o Ibovespa inicia a sessão desta sexta-feira em queda. O mercado monitora a operação da Polícia Federal que cumpriu mandatos de busca na casa do ex-preside… [+978 chars]"
"{'id': 'info-money', 'name': 'InfoMoney'}",Rodrigo Paz,Mini-índice (WINQ25): tensão com EUA mantém mercado cauteloso nesta sexta (18),"O que esperar para o mini-índice hoje
The post Mini-índice (WINQ25): tensão com EUA mantém mercado cauteloso nesta sexta (18) appeared first on InfoMoney.",https://www.infomoney.com.br/mercados/mini-indice-hoje-futuro-ibovespa-winq25-18072025/,https://www.infomoney.com.br/wp-content/uploads/2025/07/WINQ25-15-MINUTOS-18.07.2025-1.png?quality=70,2025-07-18T10:23:06Z,"O Ibovespa encerrou a quinta-feira (17) com leve alta de 0,04%, aos 135.564 pontos, sustentado por um pregão de baixa volatilidade e comportamento lateralizado, mesmo diante de um cenário externo fav… [+3714 chars]"
"{'id': None, 'name': 'Abril.com.br'}",Daniel Fernandes,Petrobras paga JCP e dividendo nos próximos meses: confira calendário de desembolsos,Estatal tem peso importante no Ibovespa e costuma pagar bons dividendos aos investidores; desempenho da ação compensa em períodos longos,https://veja.abril.com.br/economia/petrobras-paga-jcp-e-dividendo-nos-proximos-meses-confira-calendario-de-desembolsos/,"https://veja.abril.com.br/wp-content/uploads/2025/04/petrobras-sonda-petroleo-margem-equatorial-potiguar.jpg?quality=70&strip=info&resize=1080,565&crop=1",2025-07-18T10:00:03Z,"ASSINE VEJA NEGÓCIOSNavio-sonda da Petrobras explorando petróleo na Bacia Potiguar, na margem equatorial brasileira, próximo à costa do Rio Grande do Norte (Petrobras/Divulgação)
Continua após publi… [+1914 chars]"
"{'id': 'info-money', 'name': 'InfoMoney'}",Felipe Moreira,"Confiança do consumidor e balanços nos EUA, indústria no Brasil, Lula e mais","Veja o que vai mexer com os mercados nesta sexta-feira (18)
The post Confiança do consumidor e balanços nos EUA, indústria no Brasil, Lula e mais appeared first on InfoMoney.",https://www.infomoney.com.br/mercados/confianca-do-consumidor-e-balancos-nos-eua-industria-no-brasil-lula-e-mais/,https://www.infomoney.com.br/wp-content/uploads/2024/06/2024-06-24T112129Z_1_LYNXMPEK5N0CS_RTROPTP_4_MACRO-CONFIANCA-CONSUMIDOR.jpg?quality=70,2025-07-18T09:08:49Z,"A agenda econômica desta sexta-feira (18) está esvaziada no Brasil, com poucos dados relevantes previstos para o dia. O Congresso Nacional segue em recesso parcial, o que reduz a atividade legislativ… [+11788 chars]"
"{'id': None, 'name': 'Uol.com.br'}",Natália Veloso,,"A defesa do ex-governador do Rio de Janeiro, Sérgio Cabral, pediu ao STF a anulação de uma das ações penais da Lava Jato, com base na decisão que reconheceu a nulidade dos atos praticados contra o doleiro Alberto Youssef.O que aconteceuOs advogados ale",https://noticias.uol.com.br/politica/ultimas-noticias/2025/07/17/cabral-pede-anulacao-de-processo-com-base-em-decisao-do-stf-sobre-youssef.htm,https://conteudo.imguol.com.br/c/noticias/27/2023/03/14/o-ex-governador-do-rio-de-janeiro-sergio-cabral-em-seu-apartamento-no-bairro-de-copacabana-na-zona-sul-do-rio-1678835726349_v2_615x300.jpg,2025-07-17T21:22:18Z,"A defesa do ex-governador do Rio de Janeiro, Sérgio Cabral, pediu ao STF a anulação de uma das ações penais da Lava Jato, com base na decisão que reconheceu a nulidade dos atos praticados contra o do… [+857 chars]"
"{'id': 'globo', 'name': 'Globo'}",,Petrobras faz história com maioria feminina na diretoria executiva pela primeira vez,Angélica Laureano assume a diretoria de Transição Energética e Sustentabilidade e a companhia passa a contar com cinco mulheres entre nove integrantes do Conselho de Administração,https://valor.globo.com/conteudo-de-marca/petrobras/noticia/2025/07/17/petrobras-faz-historia-com-maioria-feminina-na-diretoria-executiva-pela-primeira-vez.ghtml,https://s2-valor.glbimg.com/znBBCbrUaL_19xu2aj3-i8KnqEI=/1200x/smart/filters:cover():strip_icc()/i.s3.glbimg.com/v1/AUTH_63b422c2caee4269b8b34177e8876b93/internal_photos/bs/2025/N/A/LkA1HzQ6WvlNuYrgOaTg/whatsapp-image-2025-07-17-at-18.09.53.jpeg,2025-07-17T21:15:24Z,A Petrobras acaba de escrever um novo capítulo na história da representatividade feminina no setor energético brasileiro. O Conselho de Administração da empresa elegeu na sexta-feira (11) a engenheir… [+5240 chars]
"{'id': 'info-money', 'name': 'InfoMoney'}",Reuters,Ibovespa tem dia de cautela com tarifas e fiscal; mercado espera por falas de Lula,"Pronunciamento de Lula sobre a tarifa de 50% de Donald Trump contra o Brasil será às 20h30
The post Ibovespa tem dia de cautela com tarifas e fiscal; mercado espera por falas de Lula appeared first on InfoMoney.",https://www.infomoney.com.br/mercados/ibovespa-tem-dia-de-cautela-com-tarifas-e-fiscal-mercado-espera-por-falas-de-lula/,https://www.infomoney.com.br/wp-content/uploads/2024/09/Captura-de-tela-2024-09-06-100616.png?quality=70,2025-07-17T21:15:15Z,"SÃO PAULO (Reuters) O Ibovespa fechou com alta modesta nesta quinta-feira, operando lateralizado na maior parte do pregão, à medida que agentes financeiros seguem cautelosos diante do ambiente ainda … [+5039 chars]"
"{'id': 'globo', 'name': 'Globo'}",,Ibovespa fecha estável com cenário eleitoral e sem apoio de Vale e Petrobras,A percepção de que o presidente Luiz Inácio Lula da Silva (PT) vem ganhando força na comparação com candidatos da direita no 1º turno ajudou a elevar a cautela dos investidores,https://valor.globo.com/financas/noticia/2025/07/17/ibovespa-fecha-estavel-com-cenario-eleitoral-e-sem-apoio-de-vale-e-petrobras.ghtml,https://s2-valor.glbimg.com/8mGvwmArgYOmwsjJuQ-egs-Sb3s=/1200x/smart/filters:cover():strip_icc()/i.s3.glbimg.com/v1/AUTH_63b422c2caee4269b8b34177e8876b93/internal_photos/bs/2025/q/o/M9BNRrQ2uUOg166j285A/380909641.jpg,2025-07-17T20:23:49Z,"A menor liquidez no mercado acionário local potencializou as oscilações do Ibovespa nesta quinta-feira. Na mínima do dia, o índice chegou a tocar os 135.016 pontos. A percepção de que o presidente Lu… [+1060 chars]"
"{'id': None, 'name': 'Abril.com.br'}",Felipe Erlich,"Bolsa termina o dia estável, aos 135 mil pontos, de olho em eleições e imbróglio do IOF","Investidores se atentaram à popularidade de Lula turbinada por Trump, além de dificuldade fiscal",https://veja.abril.com.br/economia/bolsa-termina-o-dia-estavel-aos-135-mil-pontos-de-olho-em-eleicoes-e-imbroglio-do-iof/,"https://veja.abril.com.br/wp-content/uploads/2024/07/GettyImages-1140298850.jpg?quality=70&strip=info&resize=1080,565&crop=1",2025-07-17T20:08:23Z,"ASSINE VEJA NEGÓCIOSIbovespa (NurPhoto/Getty Images)
Continua após publicidade
A bolsa brasileira encerrou o pregão desta quinta-feira, 17, em estabilidade. A variação do índice Ibovespa ao longo d… [+2970 chars]"
"{'id': 'globo', 'name': 'Globo'}",,Sérgio Cabral pede para ser beneficiado por decisão que anulou condenações de Youssef na Lava-Jato,Ex-governador do Rio foi condenado a 14 anos de prisão por ter recebido propina de empreiteira,https://valor.globo.com/politica/noticia/2025/07/17/sergio-cabral-pede-para-ser-beneficiado-por-decisao-que-anulou-condenacoes-de-youssef-na-lava-jato.ghtml,https://s2-valor.glbimg.com/jAkmCmiOowDElQhd_XrQy0OfNoY=/1200x/smart/filters:cover():strip_icc()/i.s3.glbimg.com/v1/AUTH_63b422c2caee4269b8b34177e8876b93/internal_photos/bs/2019/M/T/y042hjR3CSaUoVpV2zcg/081611749ef1-9210agencia-brasil.jpg,2025-07-17T19:49:43Z,"O ex-governador do Rio de Janeiro Sérgio Cabral pediu hoje que o ministro Dias Toffoli, do Supremo Tribunal Federal (STF), estenda a ele os efeitos da decisão que anulou as condenações e provas obtid… [+2714 chars]"
"{'id': None, 'name': 'BBC News'}",https://www.facebook.com/bbcnews,4 pontos da nova lei de licenciamento ambiental: o que acontece agora?,"Aprovado na Câmara dos Deputados, projeto de lei poderá sofrer vetos do presidente Luiz Inácio Lula da Silva e ser contestado no Supremo Tribunal Federal, segundo membros do governo e organizações não-governamentais.",https://www.bbc.com/portuguese/articles/cx2vdj1kx1ko,https://ichef.bbci.co.uk/news/1024/branded_portuguese/fd51/live/1c2926b0-6339-11f0-89ea-4d6f9851f623.png,2025-07-17T19:12:28Z,"Crédito, Getty Images
Legenda da foto, Ambientalistas criticam aprovação de lei sobre licenciamento ambiental e afirmam que ela pode aumentar o desmatamento. Ruralistas comemoram aprovação e dizem q… [+11283 chars]"
"{'id': None, 'name': 'Abril.com.br'}",Diego Gimenes,Fantasma do passado volta a assombrar a Petrobras de Lula e ações caem,Postos de combustíveis não repassaram integralmente a diminuição nos preços da gasolina anunciada pela estatal,https://veja.abril.com.br/coluna/radar-economico/fantasma-do-passado-volta-a-assombrar-a-petrobras-de-lula-e-acoes-caem/,"https://veja.abril.com.br/wp-content/uploads/2022/03/Lula-petrobras.jpeg?quality=70&strip=info&resize=1080,565&crop=1",2025-07-17T17:41:00Z,"ASSINE VEJA NEGÓCIOS
Lula, em evento na Petrobras - (Ricardo Stuckert/Divulgação)
Continua após publicidade
Um fantasma do passado voltou a assombrar a Petrobras e a assustar os investidores. A re… [+1802 chars]"
"{'id': 'info-money', 'name': 'InfoMoney'}",camillebocanegra,Ações da Vibra caem com notícia de que Petrobras mira varejo de combustíveis,"Nesta quinta-feira, duas fontes familiarizadas com o assunto disseram à Reuters que a Petrobras não tem planos de voltar a vender combustível no varejo
The post Ações da Vibra caem com notícia de que Petrobras mira varejo de combustíveis appeared first on Inf…",https://www.infomoney.com.br/mercados/acoes-da-vibra-caem-com-noticia-de-que-petrobras-mira-varejo-de-combustiveis/,https://www.infomoney.com.br/wp-content/uploads/2025/03/fuel-6999638_1280.jpg?quality=70,2025-07-17T17:17:28Z,"As ações da Vibra Energia (VBBR3) caíam nesta quinta-feira, após a Bloomberg News noticiar que a Petrobras (PETR4) está considerando retornar ao varejo de venda de combustíveis e que seu conselho se … [+1461 chars]"
"{'id': None, 'name': 'Uol.com.br'}",Graciliano Rocha,,"O rumor de que a Petrobras planeja voltar a atuar diretamente no varejo de combustíveis foi o suficiente para fazer a ação da Vibra, a antiga BR Distribuidora, despencar 2,5% por volta do meio-dia de hoje, a R$ 21,05, liderando as perdas do Ibovespa.Se",https://economia.uol.com.br/colunas/graciliano-rocha/2025/07/17/o-que-esta-por-tras-do-plano-de-levar-a-petrobras-de-volta-ao-varejo.htm,https://conteudo.imguol.com.br/c/noticias/2014/03/18/gasolina-posto-de-gasolina-combustivel-preco-dos-combustiveis-petrobras-1395144715983_v2_615x300.jpg,2025-07-17T16:38:11Z,"A movimentação de levar a Petrobras de volta ao varejo de combustível é fruto de pressão política. Provável candidato à reeleição, o presidente Luiz Inácio Lula da Silva tem criticado publicamente os… [+1338 chars]"
"{'id': None, 'name': 'Terra.com.br'}",Estadão Conteúdo,Petrobras avalia voltar ao setor de distribuição de combustíveis; mercado vê medida como negativa,"Conselho de Administração da companhia deve avaliar se incluirá proposta no Plano de Negócios 2026-2030; para o mercado, estatal deve se concentrar em exploração e produção de petróleo","https://www.terra.com.br/economia/petrobras-avalia-voltar-ao-setor-de-distribuicao-de-combustiveis-mercado-ve-medida-como-negativa,b9fb74ea3aaa92da046f51c9c71ae9a1v1470bsg.html",https://p2.trrsf.com/image/fget/cf/1200/630/middle/images.terra.com/2025/07/17/176732878-6jyunbiwsvgbxmbbzk2znd4fgm.jpg,2025-07-17T16:11:12Z,"RIO - Um possível retorno da Petrobras ao mercado de varejo de combustíveis é visto como negativo tanto do ponto de vista de negócios quanto do de governança, dizem analistas ouvidos pelo Estadão/Bro… [+2943 chars]"
"{'id': 'info-money', 'name': 'InfoMoney'}",camillebocanegra,"Petrobras pode redirecionar petróleo para Ásia devido à tarifa dos EUA, diz CEO","Embora as exportações de petróleo e gás representem uma parcela significativa dos embarques totais do Brasil para os Estados Unidos, a CEO da Petrobras, Magda Chambriard
The post Petrobras pode redirecionar petróleo para Ásia devido à tarifa dos EUA, diz CEO …",https://www.infomoney.com.br/mercados/petrobras-pode-redirecionar-petroleo-para-asia-devido-a-tarifa-dos-eua-diz-ceo/,https://www.infomoney.com.br/wp-content/uploads/2025/04/2025-04-07T200133Z_1_LYNXNPEL360WS_RTROPTP_3_PETROBRAS-CHAIRMAN.jpg?quality=70,2025-07-17T15:17:18Z,"A Petrobras (PETR4) pode redirecionar o petróleo que vende para os Estados Unidos, enviando mais cargas para os mercados da Ásia e da Ásia-Pacífico devido às tarifas mais altas anunciadas pelos EUA s… [+1475 chars]"
"{'id': None, 'name': 'Abril.com.br'}",Daniel Fernandes,Ibovespa oscila durante a manhã e fica próximo da estabilidade,Ações do varejo ganham protagonismo entre as mais negociadas do dia; Vale sobe e Petrobras cai no pregão,https://veja.abril.com.br/economia/ibovespa-oscila-durante-a-manha-e-fica-proximo-da-estabilidade/,"https://veja.abril.com.br/wp-content/uploads/2018/12/economia-vinho-pao-de-acucar-2.jpg?quality=70&strip=info&resize=1080,565&crop=1",2025-07-17T14:50:48Z,"ASSINE VEJA NEGÓCIOSLoja do Pão de Açúcar (Pão de Açúcar/Divulgação)
Continua após publicidade
A bolsa de valores experimenta uma manhã calma, pelo menos no que diz respeito ao noticiário que pode … [+762 chars]"
"{'id': None, 'name': 'Terra.com.br'}",Estadão Conteúdo,"Cade autoriza potencial compra de ações da Novonor por fundo de Tanure, diz Braskem","Empresário havia solicitado ao órgão, no início do mês, autorização para uma potencial transação","https://www.terra.com.br/economia/cade-autoriza-potencial-compra-de-acoes-da-novonor-por-fundo-de-tanure-diz-braskem,738a21b1bb04e958fd163b8c248dd4bb7z3e51hn.html",https://p2.trrsf.com/image/fget/cf/1200/630/middle/images.terra.com/2025/07/17/30883180-f3jg6vparvnj7ddsfgrxmt6r3y.jpg,2025-07-17T14:06:13Z,"A Braskem informou nesta quinta-feira, 17, que a Superintendência-Geral do Conselho Administrativo de Defesa Econômica (Cade), aprovou, sem restrições, a potencial transação envolvendo as ações de em… [+1330 chars]"
"{'id': 'info-money', 'name': 'InfoMoney'}",Bloomberg,Petrobras (PETR4) estuda voltar ao varejo de combustíveis para conter preços,"Quatro anos depois de sair do negócio, agora conhecido como Vibra Energia, o conselho de administração da Petrobras se reunirá nesta semana para discutir a alteração do plano estratégico da empresa
The post Petrobras (PETR4) estuda voltar ao varejo de combust…",https://www.infomoney.com.br/mercados/petrobras-petr4-estuda-voltar-ao-varejo-de-combustiveis-para-conter-precos/,https://www.infomoney.com.br/wp-content/uploads/2025/07/Captura-de-tela-2025-07-17-104221.png?quality=70,2025-07-17T13:45:42Z,A Petrobras (PETR3;PETR4) considera um retorno às vendas de combustível no varejo depois que o presidente Luiz Inácio Lula da Silva e o principal executivo da empresa petrolífera controlada pelo Esta… [+2754 chars]
"{'id': 'globo', 'name': 'Globo'}",,Ibovespa cai pressionado por cenário eleitoral; ações do GPA voltam a disparar,"A liderança do presidente Luiz Inácio Lula da Silva (PT) em todos os cenários do 1º turno nas eleições do ano que vem volta a elevar a cautela de investidores no pregão, conforme nova pesquisa Genial/Quaest",https://valor.globo.com/financas/noticia/2025/07/17/ibovespa-tem-leve-queda-pressionado-por-cenario-eleitoral-acoes-do-gpa-voltam-a-disparar.ghtml,https://s2-valor.glbimg.com/qW3yvSHd5tj8NPpEQNxu-hfVA68=/1200x/smart/filters:cover():strip_icc()/i.s3.glbimg.com/v1/AUTH_63b422c2caee4269b8b34177e8876b93/internal_photos/bs/2025/L/C/JPhjs6QMA7CYteoAZWww/ai-generated-8723233-1920.jpeg,2025-07-17T13:32:15Z,"O Ibovespa tem leve queda na abertura dos negócios, pressionado pela baixa de várias blue chips, com exceção dos papéis da Vale, Itaú e Santander. A liderança do presidente Luiz Inácio Lula da Silva … [+1019 chars]"
"{'id': 'globo', 'name': 'Globo'}",,Cade aprova possível operação solicitada por Tanure e Novonor envolvendo ações da Braskem,A decisão ainda está sujeita à observância num prazo legal de 15 dias para eventuais manifestações de terceiros,https://valor.globo.com/empresas/noticia/2025/07/17/cade-aprova-possvel-operao-solicitada-por-tanure-e-novonor-envolvendo-aes-da-braskem.ghtml,https://s2-valor.glbimg.com/pv5vSqEVgM0XeP-3F2u3xW2gwlE=/1200x/smart/filters:cover():strip_icc()/i.s3.glbimg.com/v1/AUTH_63b422c2caee4269b8b34177e8876b93/internal_photos/bs/2025/H/5/SYtFZ2Tf6cLBSIOGSedg/polo-quimico-da-baskem-em-duque-de-caxias-na-baixada-fluminense-rio2-div-braskem.jpg,2025-07-17T13:05:19Z,"O Conselho Administrativo de Defesa Econômica (Cade) aprovou sem restrições uma possível operação envolvendo as ações da Braskem mantidas pela NSP Investimentos, holding de participação da Novonor. A… [+1383 chars]"
"{'id': 'globo', 'name': 'Globo'}",,"Petrobras estuda voltar a vender no varejo, diz agência",A Petrobras está considerando retornar à distribui...,https://valor.globo.com/empresas/noticia/2025/07/17/petrobras-estuda-voltar-a-vender-no-varejo-diz-agncia.ghtml,https://s2-valor.glbimg.com/7OEow1paRgKi_cDxpXMnv-lUJyU=/1200x/smart/filters:cover():strip_icc()/i.s3.glbimg.com/v1/AUTH_63b422c2caee4269b8b34177e8876b93/internal_photos/bs/2024/M/M/60QhAHSCOqN3BGtOSaqg/mg-1446-0.jpg,2025-07-17T12:26:14Z,A Petrobras está considerando retornar à distribuição de combustíveis no varejo depois que o presidente Luiz Inácio Lula da Silva e a presidente da estatal reclamaram dos altos preços nas bombas. Qua… [+2500 chars]
"{'id': None, 'name': 'DW (English)'}",Deutsche Welle,Câmara aprova enfraquecimento do licenciamento ambiental,"Proposta simplifica procedimentos e reduz prazos para a obtenção de licenças, acelerando liberação de obras. Texto é criticado por ambientalistas, que apelidaram projeto de ""PL da Devastação"".",https://www.dw.com/pt-br/c%C3%A2mara-aprova-enfraquecimento-do-licenciamento-ambiental/a-73309999,,2025-07-17T11:31:00Z,"A Câmara dos Deputados aprovou na madrugada desta quinta-feira (17/07), o projeto que flexibiliza as regras para o licenciamento ambiental. Aprovado por 267 votos favoráveis e 116 contrários, o texto… [+6248 chars]"
"{'id': None, 'name': 'Terra.com.br'}",Reuters,"IGP-10 passa a cair 1,65% em julho com recuo generalizado em preços ao produtor","O Índice Geral de Preços-10 (IGP-10) passou a recuar 1,65% em julho em meio à queda generalizada ...","https://www.terra.com.br/economia/igp-10-passa-a-cair-165-em-julho-com-recuo-generalizado-em-precos-ao-produtor,09da54cc9355b48d6d118c33b933ca4di21yp949.html",https://s1.trrsf.com/update-1698692222/fe/zaz-mod-t360-icons/svg/logos/terra-16x9-borda.png,2025-07-17T11:29:07Z,"O Índice Geral de Preços-10 (IGP-10) passou a recuar 1,65% em julho em meio à queda generalizada dos preços aos produtores, de acordo com os dados divulgados pela Fundação Getulio Vargas (FGV) nesta … [+2468 chars]"
"{'id': 'globo', 'name': 'Globo'}",,"IGP-10 cai 1,65% em julho e acumula alta de 3,42% em 12 meses","Dentro do  Índice Geral de Preços – 10, o Índice de Preços ao Produtor Amplo caiu 2,42%, o Índice de Preços ao Consumidor subiu 0,13% e o Índice Nacional de Custo da Construção avançou 0,57%",https://valor.globo.com/brasil/noticia/2025/07/17/igp-10-cai-165-pontos-percentuais-em-julho-e-acumula-alta-de-342-em-12-meses.ghtml,https://s2-valor.glbimg.com/kaDxLILmVFmiBCmnbFltVVXnQVg=/1200x/smart/filters:cover():strip_icc()/i.s3.glbimg.com/v1/AUTH_63b422c2caee4269b8b34177e8876b93/internal_photos/bs/2022/E/i/PbnJ5ATHOGPW7Ck0Vs8A/cafe.jpg,2025-07-17T11:16:16Z,"A inflação medida pelo Índice Geral de Preços 10 (IGP-10) caiu 1,65% em julho, depois de ter recuado 0,97% em junho, informou o Instituto Brasileiro de Economia da Fundação Getulio Vargas (IbreFGV). … [+2658 chars]"
"{'id': 'info-money', 'name': 'InfoMoney'}",lucasgmarins,"Empresas pagam, em média, 33% a mais em dividendos no 2º semestre; vai se repetir?","Veja também quais são as companhias que mais distribuem proventos nos últimos seis meses do ano
The post Empresas pagam, em média, 33% a mais em dividendos no 2º semestre; vai se repetir? appeared first on InfoMoney.",https://www.infomoney.com.br/onde-investir/empresas-pagam-em-media-33-a-mais-em-dividendos-no-2o-semestre-vai-se-repetir/,https://www.infomoney.com.br/wp-content/uploads/2025/05/o-dinheiro-escreve-com-giz-branco-esta-na-mao-desenhar-conceito.jpg?fit=1200%2C800&quality=70&strip=all,2025-07-17T08:00:00Z,As empresas listadas na B3 costumam caprichar nos pagamentos de dividendos e juros sobre capital próprio (JCP) aos investidores na reta final do ano. Um levantamento da plataforma Meu Dividendo mostr… [+5162 chars]
"{'id': None, 'name': 'Terra.com.br'}",Estadão Conteúdo,Câmara aprova texto-base do projeto que institui novo licenciamento ambiental,Projeto foi aprovado com 267 votos favoráveis e 116 contrários; texto vai agora à sanção presidencial,"https://www.terra.com.br/planeta/noticias/camara-aprova-texto-base-do-projeto-que-institui-novo-licenciamento-ambiental,3fc2d7a3410d2caee59b82873baa6bbflgletlb9.html",https://p2.trrsf.com/image/fget/cf/1200/630/middle/images.terra.com/2025/07/17/1914293694-dmxwemflqbiwfcgt5bsritpmje.jpg,2025-07-17T06:00:12Z,"A Câmara dos Deputados aprovou na madrugada desta quinta-feira, 17, um projeto de lei que institui um novo licenciamento ambiental no Brasil. O texto-base teve 267 votos favoráveis e 116 contrários. … [+6493 chars]"
"{'id': 'globo', 'name': 'Globo'}",,"Por 267 a 116 votos, Câmara aprova texto-base do PL que afrouxa licenciamento ambiental","Em sessão remota, com discussão que teve início às...",https://valor.globo.com/politica/noticia/2025/07/17/por-267-a-116-votos-cmara-aprova-texto-base-do-pl-que-afrouxa-licenciamento-ambiental.ghtml,https://s2-valor.glbimg.com/KitPDj6ELoOTtGKYyfG4t8KbP1s=/1200x/smart/filters:cover():strip_icc()/i.s3.glbimg.com/v1/AUTH_63b422c2caee4269b8b34177e8876b93/internal_photos/bs/2025/z/i/BbHh74TDuMt1SaA62TYg/pec-precatorio.jpg,2025-07-17T05:06:50Z,"Em sessão remota, com discussão que teve início às 23h44 da quarta-feira (16), a Câmara dos Deputados aprovou, por 267 votos a 116 votos, o texto-base do novo marco legal do licenciamento ambiental q… [+6000 chars]"
"{'id': 'globo', 'name': 'Globo'}",,Ibovespa apaga sequência de perdas e tem leve alta com apoio de Vale em sessão volátil,"Volume financeiro do índice não foi muito expressivo, o que pode ter ajudado a ampliar a volatilidade",https://valor.globo.com/financas/noticia/2025/07/16/ibovespa-apaga-sequencia-de-perdas-e-tem-leve-alta-com-apoio-de-vale-em-sessao-volatil.ghtml,https://s2-valor.glbimg.com/8mGvwmArgYOmwsjJuQ-egs-Sb3s=/1200x/smart/filters:cover():strip_icc()/i.s3.glbimg.com/v1/AUTH_63b422c2caee4269b8b34177e8876b93/internal_photos/bs/2025/q/o/M9BNRrQ2uUOg166j285A/380909641.jpg,2025-07-16T20:28:43Z,"Depois de iniciar o pregão sob pressão, o Ibovespa oscilou entre perdas e ganhos até encerrar com leve alta de 0,19%, aos 135.511 pontos, revertendo a sequência de quedas registrada nos últimos sete … [+1699 chars]"
"{'id': None, 'name': 'Conjur.com.br'}",Rafael Neves,Anulação de atos contra Youssef atinge raiz da ‘lava jato’ e deve gerar efeito cascata,"Boa parte dos processos da “lava jato” pode ser anulada ou ao menos revisada após a decisão do ministro Dias Toffoli, do Supremo Tribunal Federal, de derrubar todos os atos da operação contra o doleiro Alberto Youssef. Para especialistas entrevistados pela re…",https://www.conjur.com.br/2025-jul-16/anulacao-de-atos-contra-youssef-atinge-raiz-da-lava-jato-e-deve-gerar-efeito-cascata/,https://www.conjur.com.br/wp-content/uploads/2024/07/Alberto-Youssef-scaled.jpg,2025-07-16T18:53:51Z,"Boa parte dos processos da “lava jato” pode ser anulada ou ao menos revisada após a decisão do ministro Dias Toffoli, do Supremo Tribunal Federal, de derrubar todos os atos da operação contra o dolei… [+5533 chars]"
"{'id': 'info-money', 'name': 'InfoMoney'}",Estadão Conteúdo,Ibovespa cai e perde os 135 mil após nova ofensiva dos EUA e de olho em pesquisa,"Com a agenda de indicadores esvaziada no Brasil, o foco fica totalmente no temas sobre tarifas e nas divulgações internacionais
The post Ibovespa cai e perde os 135 mil após nova ofensiva dos EUA e de olho em pesquisa appeared first on InfoMoney.",https://www.infomoney.com.br/mercados/ibovespa-cai-e-perde-os-135-mil-apos-nova-ofensiva-dos-eua-e-de-olho-em-pesquisa/,https://www.infomoney.com.br/wp-content/uploads/2019/06/acoes-mercado-financeiro-bolsa-queda-venda.jpg?quality=70,2025-07-16T15:22:23Z,"A nova ofensiva do governo americano na onda das tarifas ao Brasil e o recuo do petróleo no exterior pesam no Ibovespa na manhã desta quarta-feira, 16. A desvalorização ainda reflete a fraqueza das b… [+4102 chars]"
"{'id': 'info-money', 'name': 'InfoMoney'}",lucasgmarins,Como analisar os resultados trimestrais das empresas da B3? Veja exemplo com a Vale,"De forma geral, a análise dos resultados financeiros se apoia em verificar a liquidez, a rentabilidade e o endividamento da empresa; veja como fazer 
The post Como analisar os resultados trimestrais das empresas da B3? Veja exemplo com a Vale appeared first o…",https://www.infomoney.com.br/mercados/como-analisar-os-resultados-trimestrais-das-empresas-da-b3-veja-exemplo-com-a-vale/,https://www.infomoney.com.br/wp-content/uploads/2024/07/technology-7111799_1280.jpg?quality=70,2025-07-16T14:23:12Z,"A temporada de resultados do segundo trimestre de 2025 das companhias listadas na B3 começou. O período costuma atrair a atenção dos investidores mais experientes, que analisam os dados financeiros p… [+9266 chars]"
"{'id': None, 'name': 'Terra.com.br'}",Reuters,Ibovespa recua puxado por Petrobras em dia de vencimento de opções,"A bolsa paulista operava com viés negativo nesta quarta-feira, pressionada principalmente pelas ...","https://www.terra.com.br/economia/ibovespa-recua-puxado-por-petrobras-em-dia-de-vencimento-de-opcoes,5a4ba5c59ffa201cb87807cf55a63647qwhns85w.html",https://s1.trrsf.com/update-1698692222/fe/zaz-mod-t360-icons/svg/logos/terra-16x9-borda.png,2025-07-16T14:22:28Z,"A bolsa paulista operava com viés negativo nesta quarta-feira, pressionada principalmente pelas ações da blue chip Petrobras, que ameaçavam estender a sequência de perdas do índice, em sessão ainda m… [+3169 chars]"
"{'id': None, 'name': 'Amodireito.com.br'}",amoDireito.com.br,Toffoli anula atos da Lava Jato contra o doleiro Alberto Youssef,"Com decisão do ministro Dias Toffoli, do STF, ficam invalidadas todas as determinações de Sergio Moro no processo da Lava Jato",https://www.amodireito.com.br/2025/07/toffoli-anula-atos-lava-jato-contra-doleiro-alberto-youssef.html,https://blogger.googleusercontent.com/img/b/R29vZ2xl/AVvXsEiLhWF_rXpKACwfJ0G0mJhfSwUIE5_6PnAXuWu-l0hDu_cJybOy3jvzyK1Sac5WdL2PrgR_2nPMUMvFTzE7HaTG1UxWTGQOG7i9Qs9Tc7qMuJYoJRSJAfazoiWe5snAU5EgWXKaWHfuYSZMm42XsvU1QucpWsgGaV_TLXVhc29bvSVA6Xp0MfHTM96CapQ/s16000/toffoli-anula-atos-lava-jato-contra-doleiro-alberto-youssef.webp,2025-07-16T13:10:00Z,"Via @metropoles | O ministro Dias Toffoli, do Supremo Tribunal Federal (STF), anulou nesta terça-feira (15/7) todos os atos da Operação Lava Jato contra o ex-doleiro e delator da investigação, Albert… [+2543 chars]"
"{'id': 'info-money', 'name': 'InfoMoney'}",Rodrigo Paz,Petrobras (PETR4) terá recuperação ou nova queda? Veja análise sobre o futuro da ação,"Papel acumula queda de 7,12% no ano, mesmo com alta de 1,82% em julho
The post Petrobras (PETR4) terá recuperação ou nova queda? Veja análise sobre o futuro da ação appeared first on InfoMoney.",https://www.infomoney.com.br/mercados/petrobras-petr4-tera-recuperacao-ou-nova-queda-veja-analise-sobre-o-futuro-da-acao/,https://www.infomoney.com.br/wp-content/uploads/2025/04/2025-04-07T200133Z_1_LYNXNPEL360WS_RTROPTP_3_PETROBRAS-CHAIRMAN.jpg?quality=70,2025-07-16T10:42:11Z,"As ações da Petrobras (PETR4) vêm tentando retomar fôlego após um primeiro semestre de 2025 marcado por forte pressão vendedora. Após renovar seu topo histórico em R$ 36,75 no mês de fevereiro, o pap… [+4704 chars]"
"{'id': None, 'name': 'BBC News'}",https://www.facebook.com/bbcnews,Por que governo Lula planeja aderir à ação que acusa Israel de suposto genocídio em Gaza,Brasil deverá enviar manifestação crítica a Israel dentro de um processo movido pela África do Sul contra o governo de Benjamin Netanyahu,https://www.bbc.com/portuguese/articles/cvg6znv71k2o,https://ichef.bbci.co.uk/news/1024/branded_portuguese/b5a7/live/d85e12b0-60e0-11f0-b5c5-012c5796682d.png,2025-07-16T07:37:46Z,"Crédito, Getty Images/Reuters
Legenda da foto, O governo Lula planeja aderir a uma ação movida contra Israel, de Benjamin Netanyahu, segundo a qual o governo israelense estaria falhando ao impedir a… [+13445 chars]"
"{'id': None, 'name': 'Uol.com.br'}",,,"Assim como em outras decisões, ministro do STF manteve acordo de colaboração premiada",https://www1.folha.uol.com.br/poder/2025/07/toffoli-anula-todos-os-atos-da-lava-jato-contra-o-doleiro-alberto-youssef.shtml,https://f.i.uol.com.br/fotografia/2025/07/15/17526137316876c363efe25_1752613731_3x2_rt.jpg,2025-07-15T21:24:54Z,"O ministro Dias Toffoli, do STF (Supremo Tribunal Federal), anulou nesta terça-feira (15) todos os atos dos integrantes da Lava Jato e do ex-juiz Sergio Moro contra o doleiro Alberto Youssef, que foi… [+2889 chars]"
"{'id': 'info-money', 'name': 'InfoMoney'}",Estadão Conteúdo,Ibovespa tem 7 baixas seguidas e tem mais longa série negativa desde agosto de 2023,"A sessão trouxe novos dados de inflação nos EUA, com atenção ainda concentrada, no mercado, aos desdobramentos em torno da ofensiva tarifária retomada recentemente pelo governo Trump
The post Ibovespa tem 7 baixas seguidas e tem mais longa série negativa desd…",https://www.infomoney.com.br/mercados/ibovespa-tem-7-baixas-seguidas-e-tem-mais-longa-serie-negativa-desde-agosto-de-2023/,https://www.infomoney.com.br/wp-content/uploads/2021/03/Site-thumb-de-materia.png?fit=1280%2C720&quality=70&strip=all,2025-07-15T21:12:01Z,"O Ibovespa ensaiou neutralizar as perdas que prevaleceram em boa parte do pregão e, assim, impedir que, vindo da marca histórica da 141 mil pontos em 4 de julho, encadeasse sua mais longa sequência n… [+5955 chars]"
"{'id': None, 'name': 'Diariodocentrodomundo.com.br'}",Guilherme Arandas,Toffoli invalida decisões da Lava Jato envolvendo Alberto Youssef,"O ministro Dias Toffoli, do Supremo Tribunal Federal (STF), anulou nesta terça-feira (15) todos os atos da Operação Lava Jato e do ex-juiz Sergio Moro contra o doleiro Alberto Youssef. A decisão, de caráter definitivo, foi tomada com base em indícios de conlu…",https://www.diariodocentrodomundo.com.br/toffoli-invalida-decisoes-da-lava-jato-envolvendo-alberto-youssef/,https://www.diariodocentrodomundo.com.br/wp-content/uploads/2025/07/doleiro_alberto_agenciabr-848x477-1.webp,2025-07-15T21:07:17Z,"O ministro do Supremo Tribunal Federal (STF), Dias Toffoli. Foto: Divulgação
O ministro Dias Toffoli, do Supremo Tribunal Federal (STF), anulou nesta terça-feira (15) todos os atos da Operação Lava … [+2343 chars]"
"{'id': None, 'name': 'Abril.com.br'}",Robson Bonin,Toffoli anula todos os atos da Lava-Jato contra o doleiro Alberto Youssef,"'Declaro a nulidade absoluta de todos os atos praticados em desfavor dele no âmbito dos procedimentos vinculados à Operação Lava Jato', diz  o ministro",https://veja.abril.com.br/coluna/radar/toffoli-anula-todos-os-atos-da-lava-jato-contra-o-doleiro-alberto-youssef/,"https://veja.abril.com.br/wp-content/uploads/2016/11/alberto-youssef-doleiro-40.jpg?quality=70&strip=info&resize=1080,565&crop=1",2025-07-15T20:54:43Z,"Relâmpago: Revista em casa por 8,98/semana
Doleiro Alberto Youssef: dívida alta e ostentação -  (reprodução/Reprodução)
Continua após publicidade
O ministro Dias Toffoli, do STF, anulou, nesta ter… [+2155 chars]"
"{'id': 'globo', 'name': 'Globo'}",,Frente Parlamentar aprova plano para discutir exploração de petróleo na Margem Equatorial,"Entre os principais objetivos da frente, está a realização de audiências públicas com representantes do setor privado, órgãos reguladores, especialistas, investidores e comunidades locais",https://valor.globo.com/politica/noticia/2025/07/15/frente-parlamentar-aprova-plano-para-discutir-explorao-de-petrleo-na-margem-equatorial.ghtml,https://s2-valor.glbimg.com/CTMf960pQZHstGyCcGMyqCZIm6U=/1200x/smart/filters:cover():strip_icc()/i.s3.glbimg.com/v1/AUTH_63b422c2caee4269b8b34177e8876b93/internal_photos/bs/2025/8/i/7D2eHaTFGDK5GUNFvWaQ/navio-sonda-ns-42-da-petrobras-que-fara-a-perfuracao-na-foz-do-amazonas-divulgacao-petrobras.jpg,2025-07-15T19:28:25Z,"A Frente Parlamentar em Defesa da Exploração de Petróleo na Margem Equatorialdo Brasil aprovou um plano de trabalho, que se estende para 2026, para discutir temas relacionados à futura atividade petr… [+1115 chars]"
"{'id': 'info-money', 'name': 'InfoMoney'}",camillebocanegra,"Ibama: não houve negativa ao ‘Projeto Etapa 4’, da Petrobras, na bacia de Santos","O Ibama solicitou complementação de um programa específico sobre mudanças climáticas, mencionado como medida mitigadora para a atividade na região
The post Ibama: não houve negativa ao ‘Projeto Etapa 4’, da Petrobras, na bacia de Santos appeared first on Info…",https://www.infomoney.com.br/mercados/ibama-nao-houve-negativa-ao-projeto-etapa-4-da-petrobras-na-bacia-de-santos/,https://www.infomoney.com.br/wp-content/uploads/2025/06/2020-11-09T194041Z_766674281_RC2VZJ9FXJV0_RTRMADP_3_COMMODITIES-SUMMIT-PETROBRAS-CEO.webp?quality=70,2025-07-15T18:07:30Z,"O Instituto Brasileiro do Meio Ambiente e dos Recursos Naturais Renováveis (Ibama) negou, em nota, especulações sobre eventual negativa ao licenciamento do Projeto 4ª Etapa, da Petrobras (PETR4), que… [+1089 chars]"
"{'id': 'globo', 'name': 'Globo'}",,ANP divulga lista de empresas aptas a participar de leilão de partilha em outubro,A lista contém 15 empresas com inscrição ativa e aptas a participar do 3° Ciclo de Oferta Permanente de Partilha de Produção; a sessão ocorrerá no dia 22 de outubro,https://valor.globo.com/brasil/noticia/2025/07/15/anp-divulga-lista-de-empresas-aptas-a-participar-de-leilo-de-partilha-em-outubro.ghtml,https://s2-valor.glbimg.com/-QvvbolxKcNuZQ8GjHbbjMbMJu4=/1200x/smart/filters:cover():strip_icc()/i.s3.glbimg.com/v1/AUTH_63b422c2caee4269b8b34177e8876b93/internal_photos/bs/2020/S/O/HDlrQgTVOAQqUBKK8pYw/xconteudo308.jpg.pagespeed.ic.4-pffqg9jg.jpg,2025-07-15T16:05:58Z,A Agência Nacional de Petróleo e Gás Natural (ANP) divulgou nesta terça-feira (15) a relação das 15 empresas com inscrição ativa e aptas a participar do 3° Ciclo de Oferta Permanente de Partilha de P… [+824 chars]
"{'id': 'info-money', 'name': 'InfoMoney'}",Lara Rizério,"Ibovespa: como temor com China pesa no índice, em dia de reuniões sobre tarifa e IOF","Apesar do crescimento de 5,2% do Produto Interno Bruto (PIB) da China no segundo trimestre ante igual período de 2024, acima do esperado, há preocupações com o ritmo de expansão da economia
The post Ibovespa: como temor com China pesa no índice, em dia de reu…",https://www.infomoney.com.br/mercados/ibovespa-como-temor-com-china-pesa-no-indice-em-dia-de-reunioes-sobre-tarifa-e-iof/,https://www.infomoney.com.br/wp-content/uploads/2019/06/painel-de-acoes.jpg?quality=70,2025-07-15T15:34:02Z,"A alta da maioria dos índices das bolsas em Nova York é insuficiente para estimular o Ibovespa, em meio às incertezas tarifárias, com relação ao impasse do Imposto sobre Operações Financeiras (IOF) e… [+4070 chars]"
"{'id': 'globo', 'name': 'Globo'}",,Ibovespa recua com pesquisas eleitorais no radar,"Investidores também analisam os números do índice de preços ao consumidor (CPI, na sigla em inglês) americano, que trouxe uma leitura mais amena, apesar da guerra comercial desencadeada pelos Estados Unidos",https://valor.globo.com/financas/noticia/2025/07/15/ibovespa-recua-com-pesquisas-eleitorais-no-radar.ghtml,https://s2-valor.glbimg.com/8mGvwmArgYOmwsjJuQ-egs-Sb3s=/1200x/smart/filters:cover():strip_icc()/i.s3.glbimg.com/v1/AUTH_63b422c2caee4269b8b34177e8876b93/internal_photos/bs/2025/q/o/M9BNRrQ2uUOg166j285A/380909641.jpg,2025-07-15T13:42:10Z,O Ibovespa opera em leve queda no início dos negócios desta terça-feira (15). O movimento ocorre após seis pregões seguidos de perdas da principal referência acionária da bolsa local. Investidores ac… [+940 chars]
"{'id': 'info-money', 'name': 'InfoMoney'}",Rodrigo Paz,Mini-índice (WINQ25): mercado aguarda balanço das empresas no 2T25 em busca de tração,"O que esperar para o mini-índice hoje
The post Mini-índice (WINQ25): mercado aguarda balanço das empresas no 2T25 em busca de tração appeared first on InfoMoney.",https://www.infomoney.com.br/mercados/mini-indice-hoje-futuro-ibovespa-winq25-15072025/,https://www.infomoney.com.br/wp-content/uploads/2025/07/WINQ25-15-MINUTOS-15.07.2025.png?quality=70,2025-07-15T10:36:27Z,"Em mais um pregão influenciado pelas incertezas globais, o Ibovespa acumulou a sexta queda consecutiva nesta segunda-feira (14), encerrando o dia com recuo de 0,66%, aos 135.290 pontos. O tom negativ… [+3806 chars]"
"{'id': None, 'name': 'Uol.com.br'}",,,"Órgão ambiental pede ações contra mudança do clima em nova etapa do pré-sal, no maior projeto da história do país; Petrobras vê tratamento discriminatório",https://www1.folha.uol.com.br/ambiente/2025/07/ibama-ve-resistencia-da-petrobras-em-plano-climatico-e-segura-licenca-de-r-1964-bilhoes.shtml,https://f.i.uol.com.br/fotografia/2025/07/14/175253518668759092c638f_1752535186_3x2_rt.jpg,2025-07-15T09:50:43Z,"O maior projeto de licenciamento ambiental da história do Brasil, iniciativa que receberá investimentos de R$ 196,4 bilhões, converteu-se em um novo flanco de desentendimentos entre o Ibama (Institut… [+5882 chars]"
