publishedAt,title,body,url,source,description
2025-07-01T21:45:23Z,"Ibovespa sobe, volta ao patamar dos 139 mil e atinge 3ª maior marca de fechamento","O Ibovespa fechou em alta nesta terça-feira, acima dos 139 mil pontos pela primeira vez desde meados de junho, com Embraer renovando máximas após pedido feito pela companhia aérea SAS, enquanto agent… [+4841 chars]",https://www.infomoney.com.br/mercados/ibovespa-sobe-volta-ao-patamar-dos-139-mil-e-atinge-3a-maior-marca-de-fechamento/,InfoMoney,"Índice de referência do mercado acionário brasileiro, o Ibovespa subiu 0,5%, a 139.549,43 pontos
The post Ibovespa sobe, volta ao patamar dos 139 mil e atinge 3ª maior marca de fechamento appeared first on InfoMoney."
2025-07-01T20:59:35Z,"Produção de petróleo nos país atinge recorde de 3,679 milhões barris por dia em maio","O Brasil registrou recordes de produção de petróleo e gás natural em maio, segundo dados da Agência Nacional de Petróleo e Gás Natural (ANP). No mês, o país produziu 3,679 milhões de barris de petról… [+1493 chars]",https://valor.globo.com/brasil/noticia/2025/07/01/producao-de-petroleo-nos-pais-atinge-recorde-de-3679-milhoes-barris-por-dia-em-maio.ghtml,Globo,"No mês, o país produziu 3,679 milhões de barris de petróleo por dia (bbl/d), um aumento de 10,9% em relação a maio de 2024"
2025-07-01T20:25:31Z,Ibovespa fecha em alta e retoma os 139 mil pontos com apoio das ações da Vale,"Na contramão do enfraquecimento do real frente ao dólar e da alta dos juros futuros na sessão, o Ibovespa destoou da performance dos demais ativos locais e recuperou os 139 mil pontos, fechando em al… [+1457 chars]",https://valor.globo.com/financas/noticia/2025/07/01/ibovespa-fecha-em-alta-e-retoma-os-139-mil-pontos-com-apoio-das-acoes-da-vale.ghtml,Globo,"Segundo um participante do mercado, ajustes de carteira no início do segundo semestre podem ter ajudado a elevar os ganhos do índice"
2025-07-01T16:37:20Z,Petrobras aumenta querosene de aviação a partir de hoje,"A Petrobrasinformou o aumento dos preços do querosene de aviação (QAV) de 2,9%, ou R$ 0,09 por litro para distribuidoras, a partir desta terça-feira (1°). Segundo a estatal, desde dezembro de 2024, o… [+944 chars]",https://valor.globo.com/empresas/noticia/2025/07/01/petrobras-aumenta-querosene-de-aviacao-a-partir-de-hoje.ghtml,Globo,"Quanto aos demais combustíveis, a última mudança da estal na gasolina foi em 3 de junho, uma redução de 5,6%, ou R$ 0,17 por litro"
2025-07-01T15:09:34Z,Petrobras cria Corregedoria-Geral para fortalecer Sistema de Integridade,"A partir desta terça-feira, dia 1º, a Petrobras (PETR4) ganha mais uma camada de segurança no seu sistema de integridade, com a criação de uma Corregedoria-Geral, medida aprovada na última reunião do… [+1766 chars]",https://www.infomoney.com.br/mercados/petrobras-cria-corregedoria-geral-para-fortalecer-sistema-de-integridade/,InfoMoney,"O atual gerente executivo de Responsabilização Disciplinar, Edson Leonardo Dalescio Sá Teles, assume como Corregedor-Geral com a criação da nova estrutura, informou a Petrobras
The post Petrobras cria Corregedoria-Geral para fortalecer Sistema de Integridade …"
2025-07-02T23:30:44Z,Ninguém torce para quem combina derrota,"Anderson Pires*
Outro dia numa conversa com alguns amigos, indaguei o que eles achariam se o time que torcem começasse a combinar de quanto iria perder, já que o elenco atual era sabidamente inferio… [+3898 chars]",https://www.pragmatismopolitico.com.br/2025/07/ninguem-torce-para-quem-combina-derrota.html,Pragmatismopolitico.com.br,"Imagem: José Cruz | Agência Brasil Anderson Pires* Outro dia numa conversa com alguns amigos, indaguei o que eles achariam se o time que torcem começasse a combinar de quanto iria perder, já que o elenco atual era sabidamente inferior ao de seus adversários. …"
2025-07-02T20:47:42Z,Dólar cai ao menor valor em quase um ano; Ibovespa recua,"O dólar à vista fechou em queda nesta quarta-feira (2), atingindo o menor valor desde agosto de 2024, em um movimento influenciado pelo ambiente de juros elevados no Brasil e pela derrubada de um dec… [+765 chars]",https://ultimosegundo.ig.com.br/parceiros/gps-brasilia/2025-07-02/dolar-cai-ao-menor-valor-em-quase-um-ano--ibovespa-recua.html,Ig.com.br,"O dólar à vista fechou em queda nesta quarta-feira (2), atingindo o menor valor desde..."
2025-07-02T20:27:59Z,Ibovespa cai pressionado por juros futuros; Petrobras e Vale limitam perdas,"Em um dia de alta na maior parte dos vencimentos dos juros futuros, o Ibovespa teve dificuldade para encontrar suporte e fechou em queda de 0,36%, aos 139.051 pontos. O índice chegou a oscilar perto … [+1267 chars]",https://valor.globo.com/financas/noticia/2025/07/02/ibovespa-cai-pressionado-por-juros-futuros-petrobras-e-vale-limitam-perdas.ghtml,Globo,"Investidores também monitoraram pressão vinda do exterior, com o avanço dos rendimentos dos Treasuries"
2025-07-02T20:26:40Z,"Dólar afunda a R$ 5,42 e atinge menor valor em 11 meses. Bolsa cai","O dólar retomou, nesta quarta-feira (2/7), a curva de queda em relação ao real. No fim da sessão, a moeda americana registrou baixa de 0,74%, cotada a R$ 5,420. Com isso, ela atingiu o menor valor de… [+2092 chars]",https://www.metropoles.com/negocios/dolar-afunda-a-r-542-e-atinge-menor-valor-em-11-meses-bolsa-cai,Metropoles.com,"Moeda americana caiu 0,74%, recuando ao patamar mais baixo desde agosto de 2024. O Ibovespa perdeu 0,36%, ficando com 139.050 pontos"
2025-07-02T18:29:42Z,"Deputado ataca Marina Silva: ""Nunca trabalhou""","A ministra do Meio Ambiente e Mudança do Clima, Marina Silva(REDE), participou nesta quarta-feira (2) de audiência na Comissão de Agricultura, Pecuária, Abastecimento e Desenvolvimento Rural da Câmar… [+2870 chars]",https://ultimosegundo.ig.com.br/politica/2025-07-02/marina-silva-volta-ao-congresso-e-e-alvo-de-ataques.html,Ig.com.br,Ministra enfrentou críticas de parlamentares durante audiência sobre queimadas na Amazônia
2025-07-03T23:19:06Z,Motta ganha destaque nas redes e movimenta buscas na internet,"Os adeptos às redes sociais se depararam, desde o início desta semana, com uma avalanche de publicações sobre o presidente da Câmara dos Deputados, Hugo Motta (Republicanos). O embate entre Congresso… [+21742 chars]",https://ultimosegundo.ig.com.br/politica/2025-07-03/motta-ganha-destaque-nas-redes-e-movimenta-buscas-na-internet.html,Ig.com.br,"Em meio à polêmica do decreto do IOF e das emendas parlamentares, nome do deputado explodiu no X, com mais de 2,6 milhões de menções"
2025-07-03T21:50:49Z,,"O filme brasileiro ""O Agente Secreto"", de Kleber Mendonça Filho, será exibido em salas de cinemas de 94 países da Europa, Américas do Norte e Latina, Ásia e Oceania. Responsável pelas vendas internac… [+2315 chars]",https://www1.folha.uol.com.br/colunas/monicabergamo/2025/07/o-agente-secreto-de-kleber-mendonca-filho-sera-exibido-em-94-paises.shtml,Uol.com.br,"Premiado em Cannes, filme brasileiro com Wagner Moura desperta interesse do mercado internacional"
2025-07-03T21:44:42Z,Braskem planeja triplicar uso de etano e aposta em oferta dos EUA e da Petrobras,"A Braskem pretende elevar a participação do etano como insumo na produção de petroquímicos no Brasil e conta com uma maior oferta da matéria-prima por fornecedores norte-americanos e pela Petrobras, … [+2208 chars]",https://www.infomoney.com.br/mercados/braskem-planeja-triplicar-uso-de-etano-e-aposta-em-oferta-dos-eua-e-da-petrobras/,InfoMoney,"""O etano é nossa matéria-prima dos sonhos"", disse o presidente-executivo da petroquímica, Roberto Ramos, a jornalistas
The post Braskem planeja triplicar uso de etano e aposta em oferta dos EUA e da Petrobras appeared first on InfoMoney."
2025-07-03T21:38:37Z,Governo pede investigação da PF sobre preços de combustíveis,"A Advocacia-Geral da União (AGU) pediu a abertura de investigações, inclusive na Polícia Federal (PF), sobre práticas anticoncorrenciais nos preços dos combustíveis. De acordo com o órgão, o pedido s… [+2889 chars]",https://www.metropoles.com/brasil/economia-br/governo-pede-investigacao-da-pf-sobre-precos-de-combustiveis,Metropoles.com,"Pedido surge após desconfiança de que refinarias e distribuidoras não estão repassando reduções de preços, causando prejuízos ao consumidor"
2025-07-03T20:25:39Z,"Ibovespa encerra perto dos 141 mil pontos, em novo recorde de fechamento, após 'payroll'","Embalado por um maior apetite a risco global dos investidores, o Ibovespa renovou máxima histórica nominal de fechamento, ao disparar 1,35%, aos 140.928 pontos. Até então, o maior nível registrado no… [+1137 chars]",https://valor.globo.com/financas/noticia/2025/07/03/ibovespa-encerra-perto-dos-141-mil-pontos-em-novo-recorde-de-fechamento-apos-payroll.ghtml,Globo,"O movimento local espelhou o visto em Wall Street, onde o S&P 500 e o Nasdaq também renovaram máximas de fechamento"
2025-07-04T22:37:39Z,"Ex-Pouprev e Brasilcap, Marcelo Farinha é o novo presidente da Petros",O conselho deliberativo da Petros aprovou nesta sexta-feira o nome de Marcelo Farinha para assumir a presidência da fundação. Ele já foi diretor de investimentos e benefícios do Economus Instituto de… [+2055 chars],https://valor.globo.com/financas/noticia/2025/07/04/ex-pouprev-e-brasilcap-marcelo-farinha-o-novo-presidente-da-petros.ghtml,Globo,"Até a posse do novo presidente, Marco Aurelio Viana seguirá interinamente no cargo e, depois, retomará seu cargo na diretoria de seguridade"
2025-07-04T22:33:39Z,"Lula defende fim de combustível fóssil, mas ‘não abrirá mão para outros explorarem’","O presidente Luiz Inácio Lula da Silva afirmou nesta sexta-feira 4, ser favorável ao fim do uso do combustível fóssil, mas que não abrirá mão do petróleo brasileiro para outros explorarem.
Não vou a… [+1811 chars]",https://www.infomoney.com.br/politica/lula-defende-fim-de-combustivel-fossil-mas-nao-abrira-mao-para-outros-explorarem/,InfoMoney,"Lula disse estar orgulhoso da Petrobras e que é necessária uma transição energética responsável
The post Lula defende fim de combustível fóssil, mas ‘não abrirá mão para outros explorarem’ appeared first on InfoMoney."
2025-07-04T21:51:18Z,,"O presidente Lula (PT) afirmou hoje que a presidente da Petrobras, Magda Chambriard, é ""uma mulher frágil"" e que a competência dela para dirigir a empresa é uma ""surpresa"".
Lula agradeceu Magda pelo… [+465 chars]",https://noticias.uol.com.br/politica/ultimas-noticias/2025/07/04/lula-discurso-magda-chambriard-petrobras.htm,Uol.com.br,"O presidente Lula (PT) afirmou hoje que a presidente da Petrobras, Magda Chambriard, é ""uma mulher frágil"" e que a competência dela para dirigir a empresa é uma ""surpresa"".O que aconteceuLula agradeceu Magda pelo trabalho à frente d"
2025-07-04T21:37:11Z,Lula diz que governo não acabou e confirma intenção de disputar reeleição,"Abril Day: Assine Digital Completo por 1,99
O presidente Luiz Inácio Lula da Silva durante evento na Petrobras - 04/07/2025 (MAURO PIMENTEL/AFP)
Continua após publicidade
O presidente Luiz Inácio … [+2079 chars]",https://veja.abril.com.br/coluna/maquiavel/lula-diz-que-governo-nao-acabou-e-confirma-intencao-de-disputar-reeleicao/,Abril.com.br,"'Se tudo tiver como estou pensando, esse país vai ter, pela primeira vez, um presidente eleito quatro vezes', disse durante evento da Petrobras"
2025-07-04T21:36:19Z,Ibovespa bate recorde e alcança 141.263 pontos na Bolsa,"O Ibovespa fechou a sexta-feira (5) com mais um recorde, subindo 0,24% e encerrando aos 141.263 pontos, maior valor da história. Durante o pregão, período de negociações, o índice chegou a ultrapassa… [+2117 chars]",https://ultimosegundo.ig.com.br/parceiros/gps-brasilia/2025-07-04/ibovespa-bate-recorde-e-alcanca-141263-pontos-na-bolsa.html,Ig.com.br,"O Ibovespa fechou a sexta-feira (5) com mais um recorde, subindo 0,24% e encerrando aos..."
2025-07-05T23:06:27Z,,"Durante o evento, as empresas assinaram um memorando de entendimento que prevê cooperação tecnológica e comercial entre estaleiros brasileiros e chineses.
Entre os estaleiros nacionais presentes est… [+650 chars]",https://economia.uol.com.br/colunas/graciliano-rocha/2025/07/05/por-que-a-presidente-da-petrobras-quer-capital-chines-em-estaleiros-aqui.htm,Uol.com.br,"A presidente da Petrobras, Magda Chambriard, defendeu que a China seja parceira de estaleiros brasileiros e injete capital na fabricação de embarcações no país, reativando a indústria naval brasileira. O setor foi à lona depois da descoberta do bilioná"
2025-07-05T18:50:00Z,"Petrobras avalia opções para Polo Bahia, inclusive a venda, diz CEO","RIO DE JANEIRO (Reuters) A Petrobras estuda opções para suas operações no Polo Bahia, incluindo a possibilidade de sua venda, disse a presidente da estatal, Magda Chambriard, neste sábado, pontuando … [+1507 chars]",https://www.infomoney.com.br/mercados/petrobras-avalia-opcoes-para-polo-bahia-inclusive-a-venda-diz-ceo/,InfoMoney,"Segundo Magda Chambriard, estatal ainda não decidiu se manterá operação, terceirizará ou venderá polo com baixa produção terrestre
The post Petrobras avalia opções para Polo Bahia, inclusive a venda, diz CEO appeared first on InfoMoney."
2025-07-05T17:38:50Z,"Petrobras avalia opções para Polo Bahia, inclusive a venda, diz CEO","A Petrobras estuda opções para suas operações no Polo Bahia, incluindo a possibilidade de sua venda, disse a presidente da estatal, Magda Chambriard, neste sábado, pontuando que a decisão se pautará … [+1443 chars]","https://www.terra.com.br/economia/petrobras-avalia-opcoes-para-polo-bahia-inclusive-a-venda-diz-ceo,614d6c937cbb9d9a0af70ff3240ee0bco2826nzt.html",Terra.com.br,"A Petrobras estuda opções para suas operações no Polo Bahia, incluindo a possibilidade de sua ..."
2025-07-05T15:16:24Z,"Petrobras reavalia possibilidade de vender o Polo Bahia, diz presidente da estatal","A Petrobras está reavaliando sua operação no Polo Bahia, que consiste em 28 blocos em terra com produção de cerca de 9 mil barris por dia de petróleo, ou 12 mil barris de óleo equivalente, se incluíd… [+923 chars]","https://www.terra.com.br/economia/petrobras-reavalia-possibilidade-de-vender-o-polo-bahia-diz-presidente-da-estatal,7b501d77ac09cae727008f57a1a33cb3zztxs0he.html",Terra.com.br,Magda Chambriard diz que produção em terra envolve esforço e que às vezes o campo é menor que poço do pré-sal
2025-07-05T15:10:17Z,"Chineses podem entrar como sócios ou com aporte de capital nos estaleiros brasileiros, diz Chambriard","Depois de participar neste sábado (5) do Fórum Estratégico Brasileiro para a Indústria Naval Brasil-China, a presidente da Petrobras Magda Chambriard disse que ainda está acertando detalhes da parcer… [+1544 chars]",https://valor.globo.com/empresas/noticia/2025/07/05/chineses-podem-entrar-como-scios-ou-com-aporte-de-capital-nos-estaleiros-brasileiros-diz-chambriard.ghtml,Globo,"“Gostaríamos que os chineses fossem sócios de nossos estaleiros aqui. Temos estaleiros em recuperação judicial por falta de encomenda, outros precisam ser aprimorados”, disse a presidente da Petrobras"
2025-07-06T11:07:31Z,O Negacionismo tupiniquim: O caso BC. Por José Dirceu,"O Presidente do Banco Gabriel Galípolo. Foto: ALOISIO MAURICIO/FOTOARENA
Há um misto de decepção e perplexidade na atuação continuada do Banco Central (BC) e do Comitê de Política Monetária (Copom) … [+9380 chars]",https://www.diariodocentrodomundo.com.br/o-negacionismo-tupiniquim-o-caso-bc-por-jose-dirceu/,Diariodocentrodomundo.com.br,"Há um misto de decepção e perplexidade na atuação continuada do Banco Central (BC) e do Comitê de Política Monetária (Copom) em relação à inflação como se nada tivesse mudado naquela instituição depois da nomeação, pelo governo Lula, do novo presidente Gabrie…"
2025-07-06T09:45:14Z,Petrobras quer investimento chinês para reforçar transportes,"A Presidente do Conselho de Administração da Petrobras, Magda Chambriard, anunciou que petrolífera brasileira está à procura de investimento chinês para ajudar a melhorar o seu transporte marítimo e … [+1456 chars]",https://observador.pt/2025/07/06/petrobras-procura-investimento-chines-para-desenvolver-transporte-maritimo-e-infraestruturas/,Observador.pt,"Além da construção de cinco plataformas flutuantes de produção, armazenamento e descarga, a Petrobras e a Transpetro pretendem encomendar 52 novas embarcações até 2026."
2025-07-06T08:30:50Z,A eleição de Edinho para presidente do PT e o que ela significa,"O que significa pacificar as relações do PT com os demais partidos, como a Folha de São Paulo sugere que faça Edinho Silva, ex-ministro do governo Dilma Rousseff, ex-deputado estadual, duas vezes pre… [+2122 chars]",https://www.metropoles.com/blog-do-noblat/ricardo-noblat/a-eleicao-de-edinho-para-presidente-do-pt-e-o-que-ela-significa,Metropoles.com,A esquerda só ganha com o voto dos outros
2025-07-07T21:16:39Z,Corais de Alcatrazes capturam por ano carbono equivalente à queima de 324 mil litros de gasolina,"Os autores analisaram exemplares de coral-cérebro (Mussismilia hispida), cujo esqueleto é composto basicamente de carbonato de cálcio (CaCO3). Por meio de imagens de tomografia computadorizada, os pe… [+5328 chars]",https://gizmodo.uol.com.br/corais-de-alcatrazes-capturam-por-ano-carbono-equivalente-a-queima-de-324-mil-litros-de-gasolina/,Uol.com.br,"Uma única espécie presente no arquipélago do litoral de São Paulo, o coral-cérebro, produz cerca de 170 toneladas de carbonato de cálcio anualmente, o que representa uma retenção de aproximadamente 20 toneladas de carbono na forma mineral, que pode durar sécu…"
2025-07-07T20:25:50Z,Ibovespa fecha em queda de mais de 1% com aversão a risco global após novas tarifas de Trump,"A cautela dos investidores aumentou nesta segunda-feira, impulsionando um movimento de aversão a risco que afetou em cheio o Ibovespa. Depois de iniciar o dia sob leve pressão, na sequência de um rec… [+1029 chars]",https://valor.globo.com/financas/noticia/2025/07/07/ibovespa-fecha-em-queda-de-mais-de-1percent-com-aversao-a-risco-global-apos-novas-tarifas-de-trump.ghtml,Globo,"A queda de blue chips de peso, como Vale e Petrobras, também pesou contra o índice na sessã"
2025-07-07T20:20:46Z,"Quem é o novo presidente da Petros, o fundo de pensão dos funcionários da Petrobras","RIO - O Conselho Deliberativo, instância máxima de governança da Petros — fundo de pensão dos funcionários da Petrobras —, aprovou o nome do engenheiro Marcelo Farinha para a presidência da entidade.… [+1839 chars]","https://www.terra.com.br/economia/quem-e-o-novo-presidente-da-petros-o-fundo-de-pensao-dos-funcionarios-da-petrobras,793ac0aa8d71a49647e58793bb03403aco8axpbp.html",Terra.com.br,O engenheiro Marcelo Farinha assumirá a cadeira que até algumas semanas atrás era ocupada pelo economista Henrique Jager
2025-07-07T18:15:01Z,Tuvis relembra início enquanto foca no futuro,"A tuvis, empresa israelense-brasileira que oferece soluções de produtividade, segurança e compliance para comunicação corporativa, anuncia seu foco no futuro e nas inovações que redefinem o mercado d… [+3148 chars]",https://valor.globo.com/patrocinado/dino/noticia/2025/07/07/tuvis-relembra-inicio-enquanto-foca-no-futuro-1.ghtml,Globo,"A Tuvis, empresa israelense-brasileira, agora foca em segurança e compliance para múltiplos canais (Telegram, iMessage, etc.). Com DLP próprio desenvolvido pelo CTO Ron Korland, a Tuvis visa garantir comunicação produtiva e segura, atendendo mais de 100 clien…"
2025-07-07T18:14:33Z,Tuvis relembra início enquanto foca no futuro,"A tuvis, empresa israelense-brasileira que oferece soluções de produtividade, segurança e compliance para comunicação corporativa, anuncia seu foco no futuro e nas inovações que redefinem o mercado d… [+3176 chars]","https://www.terra.com.br/noticias/tuvis-relembra-inicio-enquanto-foca-no-futuro,364a9b2ab2dcc45acd0a0e7f3a711300vuk7va6f.html",Terra.com.br,"A Tuvis, empresa israelense-brasileira, agora foca em segurança e compliance para múltiplos canais (Telegram, iMessage, etc.). Com DLP próprio desenvolvido pelo CTO Ron Korland, a Tuvis visa garantir comunicação produtiva e segura, atendendo mais de 100 clien…"
2025-07-08T21:57:48Z,Governo pede fiscalização rigorosa após “aumento indevido” da gasolina,"Em ofício encaminhado nesta terça-feira (8/7), o Ministério de Minas e Energia (MME) cobrou atuação rigorosa dos órgãos de fiscalização, após identificar aumento indevido no preço da gasolina em Mina… [+2198 chars]",https://www.metropoles.com/brasil/governo-pede-fiscalizacao-rigorosa-apos-aumento-indevido-da-gasolina,Metropoles.com,"Ministério de Minas e Energia (MME) diz ter identificado aumento indevido da gasolina em MG e no DF, e acionou órgãos fiscalizadores"
2025-07-08T21:55:00Z,Tuvis propõe inovação ao oferecer segurança no WhatsApp,"Em um cenário no qual abrir o WhatsApp ao acordar já é um hábito automático para a maioria dos brasileiros, e conversas com gerentes de banco, empresas e fornecedores se misturam às mensagens familia… [+2859 chars]",https://valor.globo.com/patrocinado/dino/noticia/2025/07/08/tuvis-propoe-inovacao-ao-oferecer-seguranca-no-whatsapp-1.ghtml,Globo,Startup israelense-brasileira aumenta a segurança e conformidade das empresas em aplicativos como WhatsApp
2025-07-08T21:39:01Z,Ministro de Minas e Energia cobra ação por alta na gasolina em MG e DF,"O Ministério de Minas e Energia afirma que identificou aumentos indevidos no preço da gasolina em Minas Gerais e no Distrito Federal, mesmo após a Petrobras anunciar uma redução de R$ 0,17 por litro.… [+989 chars]",https://www.congressoemfoco.com.br/noticia/110052/ministro-de-minas-e-energia-cobra-acao-por-alta-na-gasolina-em-mg-e-df,Congressoemfoco.com.br,Alexandre Silveira quer punição para postos que não acompanharam redução da Petrobras e elevaram preços.
2025-07-08T20:54:27Z,Ibovespa fecha em queda com atenção para Trump e baixa de varejistas; veja destaques,"SÃO PAULO (Reuters) O Ibovespa fechou com um declínio modesto nesta terça-feira, com Petrobras atenuando a pressão negativa de papéis como WEG (WEGE3) e BTG Pactual (BPAC11), enquanto agentes finance… [+4121 chars]",https://www.infomoney.com.br/mercados/ibovespa-fecha-em-queda-com-atencao-para-trump-e-baixa-de-varejistas-veja-destaques/,InfoMoney,"Em Wall Street, o S&P 500 encerrou com variação negativa de 0,07%, enquanto o Nasdaq apontou acréscimo de 0,03% e o Dow Jones cedeu 0,37%
The post Ibovespa fecha em queda com atenção para Trump e baixa de varejistas; veja destaques appeared first on InfoMoney."
2025-07-08T20:27:59Z,"Dólar comercial volta a cair e fecha a R$ 5,445; Ibovespa recua 0,13%","ASSINE VEJA NEGÓCIOSDólar comercial volta a cair e fecha a R$ 5,445; Ibovespa recua 0,13%
Por Ana Paula Ribeiro
 8 jul 2025, 17h27 
Dólar (Freepik/Domínio Público)
Continua após publicidade
O dó… [+2013 chars]",https://veja.abril.com.br/economia/dolar-comercial-volta-a-cair-e-fecha-a-r-5445-ibovespa-recua-013/,Abril.com.br,Ações da Petrobras sobem mais de 1% com valorização do petróleo no exterior
2025-07-09T23:35:12Z,,"Segundo maior parceiro comercial do Brasil, os Estados Unidos responderam por 12% das exportações brasileiras para o país, no primeiro semestre de 2025, com pouco mais de US$ 20 bilhões.
Mas os EUA … [+1117 chars]",https://economia.uol.com.br/colunas/jose-paulo-kupfer/2025/07/09/economia-e-pretexto-de-trump-para-tentar-interferir-na-politica-brasileira.htm,Uol.com.br,"É difícil não reagir com o fígado às absurdas tentativas de interferência do presidente americano, Donald Trump, nas coisas do Brasil. Trump anunciou hoje, em acintosa carta ao presidente Lula, a imposição de tarifas de 50% a todas as importações ameri"
2025-07-09T22:47:19Z,"Taxação de Trump acende alerta sobre relação de petroleiras americanas na Foz do Amazonas, dizem analistas","A decisão do presidente americano, Donald Trump, de impor tarifa de importação de 50% sobre todos os produtos brasileiros pode afetar as relações das petroleiras americanas que atuam no Brasil, diz F… [+2349 chars]",https://valor.globo.com/empresas/noticia/2025/07/09/taxao-de-trump-acende-alerta-sobre-relao-de-petroleiras-americanas-na-foz-do-amazonas-dizem-analistas.ghtml,Globo,"Em junho, em leilão da Agência Nacional de Petróleo, as americanas Chevron e Exxon arremataram áreas na Foz do Amazonas, na Margem Equatorial"
2025-07-09T21:23:19Z,,A campanha da Petrobras estrelada pela atriz Camila Pitanga intitulada “Transição energética justa pra você” gerou críticas nas redes sociais e de organizações ambientais. A atriz aparece na peça pub… [+7580 chars],https://capitalreset.uol.com.br/transicao-energetica/petrobras-camila-pitanga/,Uol.com.br,"Transmitida em horário nobre da Globo, propaganda diz que a estatal é “líder na transição energética justa"" em meio a críticas pela expansão da exploração de petróleo na Foz do Amazonas A campanha da Petrobras com Pitanga gerou críticas de organizações ambien…"
2025-07-09T20:55:07Z,Nvidia pode alcançar US$ 5 trilhões após se tornar empresa mais valiosa da história,"Recuo de blue chips de peso, como Petrobras, e de algumas instituições financeiras, atuou como um fator adicional negativo sobre o desempenho da principal referência acionária local",https://valor.globo.com/empresas/noticia/2025/07/09/nvidia-pode-alcanar-us-5-trilhes-aps-se-tornar-empresa-mais-valiosa-da-histria.ghtml,Globo,"Após alcançar marca impressionante de U$ 4 trilhões, a rainha do mercado de inteligência artificial e sua ação podem ter mais espaço para crescer"
2025-07-09T20:46:50Z,"Com Trump, dólar sobe 1% e vai para R$ 5,50 e Ibovespa recua mais de 1%","ASSINE VEJA NEGÓCIOSCom Trump, dólar sobe 1% e vai para R$ 5,50 e Ibovespa recua mais de 1%
Por Redação
 9 jul 2025, 17h46 
O presidente dos Estados Unidos, Donald Trump. 14/04/2025 (Win McNamee/G… [+2164 chars]",https://veja.abril.com.br/economia/com-trump-dolar-sobe-1-e-vai-para-r-550-e-ibovespa-recua-mais-de-1/,Abril.com.br,"Presidente dos EUA afirma que Brasil não está ""sendo bom"" com seu país e anunciou 50% de tarifas sobre produtos brasileiros"
2025-07-10T20:24:58Z,Ibovespa fecha com queda contida após tarifas dos EUA ao Brasil,"Depois de cair até os 136.014 pontos, na mínima do dia, o Ibovespa devolveu parte das perdas durante a manhã e encerrou em queda de 0,54%, aos 136.743 pontos. Na máxima intradiária, o índice chegou a… [+1000 chars]",https://valor.globo.com/financas/noticia/2025/07/10/ibovespa-fecha-em-queda-contida-apos-tarifas-dos-eua.ghtml,Globo,Alta das ações da Vale limita perdas enquanto papéis da Embraer têm forte baixa
2025-07-10T16:12:35Z,Trump turbina campanha de Lula,"ASSINE VEJA NEGÓCIOS
Trump turbina campanha de Lula
A ironia é manifesta: o líder da direita mundial valida, na prática, os fundamentos econômicos da esquerda brasileira
Por Murillo Aragão
 10 ju… [+2418 chars]",https://veja.abril.com.br/coluna/murillo-de-aragao/trump-turbina-campanha-de-lula/,Abril.com.br,"A ironia é manifesta: o líder da direita mundial valida, na prática, os fundamentos econômicos da esquerda brasileira"
2025-07-10T15:39:10Z,"PRIO prejudicada, Braskem beneficiada? Como as tarifas de Trump afetam setor na B3","A tarifa de 50% imposta pelos Estados Unidos sobre produtos brasileiros, na quarta-feira (9), têm gerado discussões entre analistas e bancos sobre possíveis efeitos nas empresas do setor de petróleo … [+3291 chars]",https://www.infomoney.com.br/mercados/prio-prejudicada-braskem-beneficiada-como-as-tarifas-de-trump-afetam-setor-na-b3/,InfoMoney,"Analistas veem um impacto relativamente limitado para o setor, mas com algumas empresas mais expostas
The post PRIO prejudicada, Braskem beneficiada? Como as tarifas de Trump afetam setor na B3 appeared first on InfoMoney."
2025-07-10T15:30:46Z,Petróleo bruto é o principal produto exportado para os EUA. Setor reage,"ASSINE VEJA NEGÓCIOSUnidade de processamento e produção de gás e petróleo FPSO Marechal Duque de Caxias da Petrobras (Petrobras/Divulgação)
Continua após publicidade
A decisão do presidente dos Est… [+1550 chars]",https://veja.abril.com.br/economia/petroleo-bruto-e-o-principal-produto-exportado-para-os-eua-setor-reage/,Abril.com.br,"Em nota, o Instituto Brasileiro de Petróleo e Gás (IBP), um dos principais  porta-vozes do setor, afirmou ver a medida com “preocupação"""
2025-07-10T14:45:18Z,Tarifas de 50% de Trump pressionam o dólar e derrubam ações de exportadoras,"ASSINE VEJA NEGÓCIOSTarifas de 50% de Trump pressionam o dólar e derrubam ações de exportadoras
Por Ana Paula Ribeiro
 Atualizado em 10 jul 2025, 11h48 - Publicado em 10 jul 2025, 11h45 
Embarcaçã… [+4064 chars]",https://veja.abril.com.br/economia/a-reacao-tarifa-de-50-de-trump-pressiona-o-dolar-e-derruba-exportadoras/,Abril.com.br,"Depreciação dos ativos brasileiros perdeu forças; analistas recomendam cautela, mas veem oportunidades em exportadoras"
2025-07-11T22:12:14Z,Filho do ex-presidente da Imperatriz sofre atentado a tiros no RJ,"Vinicius Drummond, filho de Luizinho Drummond, ex-presidente da Imperatriz Leopoldinense, sofreu um atentado a tiros no Rio de Janeiro e precisou ser hospitalizado nesta sexta-feira (11/7).
Vinicius… [+1285 chars]",https://www.metropoles.com/celebridades/filho-do-ex-presidente-da-imperatriz-sofre-atentado-a-tiros-no-rj,Metropoles.com,Vinicius Drummond trafegava na Barra da Tijuca quando o carro em que ele estava foi alvejado por diversos disparos de arma de fogo
2025-07-11T21:01:24Z,Ibovespa recua com Localiza entre maiores quedas e MRV&Co sobe; veja destaques,"O Ibovespa fechou em queda nesta sexta-feira, ampliando a correção negativa no mês, com Localiza entre as maiores quedas, enquanto MRV&amp;Co descolou do viés de baixa na bolsa paulista após estimati… [+4224 chars]",https://www.infomoney.com.br/mercados/ibovespa-recua-com-localiza-entre-maiores-quedas-e-mrvco-sobe-veja-destaques/,InfoMoney,"Índice de referência do mercado acionário brasileiro, o Ibovespa caiu 0,41%, a 136.187,31 pontos
The post Ibovespa recua com Localiza entre maiores quedas e MRV&Co sobe; veja destaques appeared first on InfoMoney."
2025-07-11T21:00:23Z,Petrobras confirma eleição de nova diretora-executiva de Transição Energética,"A Petrobras (PETR3; PETR4) confirmou nesta sexta-feira, 11, via Comissão de Valores Mobiliários (CVM), que seu conselho de administração elegeu Angélica Laureano como diretora-executiva de Transição … [+1021 chars]",https://www.infomoney.com.br/business/petrobras-confirma-eleicao-de-nova-diretora-executiva-de-transicao-energetica/,InfoMoney,"Angélica Laureano possui 45 anos de experiência, incluindo 37 anos de trabalho na Petrobras, sendo 21 anos em posições gerenciais
The post Petrobras confirma eleição de nova diretora-executiva de Transição Energética appeared first on InfoMoney."
2025-07-11T20:29:40Z,"Quem é Vinicius Drumond, contraventor alvo de tentativa de assassinato no Rio","Inverno: Revista em casa por 8,98/semana
 Por Redação
 11 jul 2025, 17h29 
Vinicius Drumond.  (Reprodução./.)
Continua após publicidade
Na manhã desta sexta-feira, 11, o contraventor e ex vice-p… [+2694 chars]",https://veja.abril.com.br/brasil/quem-e-vinicius-drumond-contraventor-alvo-de-tentativa-de-assassinato-no-rio/,Abril.com.br,"Ex vice-presidente da Imperatriz Leopoldinense tem nome citado em investigações da Polícia Civil por lavagem de dinheiro, agiotagem e corrupção"
2025-07-11T20:27:55Z,Ibovespa tem 5º dia de perdas e acumula pior queda semanal desde dezembro de 2022,"A escalada da política tarifária do presidente americano, Donald Trump, contra importantes parceiros comerciais penalizou ativos de risco ao redor do globo nesta sexta-feira. Em linha com o desempenh… [+1267 chars]",https://valor.globo.com/financas/noticia/2025/07/11/ibovespa-tem-5o-dia-de-perdas-e-acumula-pior-queda-semanal-desde-dezembro-de-2022.ghtml,Globo,"As incertezas em relação aos desdobramentos da política comercial dos EUA podem ter potencializado uma realização de lucros e um ajuste de posições na bolsa, especialmente após um primeiro semestre forte"
2025-07-12T23:19:56Z,Vinícius Drumond: quem é o bicheiro que sobreviveu a 30 tiros no RJ,"Vinícius Drummond e o carro usado no ataque Fotomontagem: Reprodução e Raoni Alves/g1 Rio
Na manhã da última sexta-feira (11), um atentado a tiros mobilizou a Barra da Tijuca, na Zona Oeste do Rio. … [+3197 chars]",https://www.diariodocentrodomundo.com.br/vinicius-drumond-quem-e-o-bicheiro-que-sobreviveu-a-30-tiros-no-rj/,Diariodocentrodomundo.com.br,"Na manhã da última sexta-feira (11), um atentado a tiros mobilizou a Barra da Tijuca, na Zona Oeste do Rio. O empresário Vinicius Drumond, herdeiro do bicheiro Luiz Pacheco Drumond, o “Luizinho Drumond”, foi alvo de uma emboscada na movimentada Avenida das Am…"
2025-07-12T14:55:22Z,"Alvo de atentado no Rio integra a 'Santíssima Trindade', novo comando do jogo do bicho","ResumoO contraventor Vinicius Pereira Drumond, membro da chamada ""Santíssima Trindade"" no jogo do bicho no Rio de Janeiro, sobreviveu a uma tentativa de assassinato na Barra da Tijuca, em meio a disp… [+3988 chars]","https://www.terra.com.br/noticias/brasil/cidades/alvo-de-atentado-no-rj-integra-a-santissima-trindade-novo-comando-do-jogo-do-bicho,7e90363fc0f1f8305c2e953ac714a2c823pcyso1.html",Terra.com.br,"Tentativa de assassinato do contraventor Vinicius Drumond expõe racha na ""Santíssima Trindade"", nova liderança do jogo do bicho no RJ. Investigações apontam disputas internas e conexões com crimes recentes. Entenda os detalhes desse caso que abala a cúpula da…"
2025-07-12T13:31:29Z,Temporada de pinguins-de-magalhães começa no Litoral Norte de SP,"Neste ano, os primeiros registros foram feitos pelas equipes de campo do Projeto de Monitoramento de Praias da Bacia de Santos (PMP-BS), executado pelo Instituto Argonauta. 
Ao todo, 47 pinguins juv… [+4906 chars]",https://g1.globo.com/sp/campinas-regiao/terra-da-gente/noticia/2025/07/12/temporada-de-pinguins-de-magalhaes-comeca-no-litoral-norte-de-sp.ghtml,Globo,"Instituto Argonauta já registrou quase 50 encalhes em poucos dias. Especialista cita fatores que explicam aparecimento de juvenis debilitados nas praias. Técnicos resgatam pinguim-de-magalhães encalhado em Picinguaba, no Litoral Norte de SP
O inverno chegou e…"
2025-07-12T12:03:48Z,Saiba como o bicheiro Vinicius Drumond sobreviveu a um atentado no RJ,"O bicheiro Vinicius Pereira Drumond sofreu tentativa de assassinato. Foto: reprodução
O contraventor Vinicius Drumond, filho do falecido bicheiro Luizinho Drumond, sobreviveu a uma tentativa de assa… [+3031 chars]",https://www.diariodocentrodomundo.com.br/saiba-como-o-bicheiro-vinicius-drumond-sobreviveu-a-um-atentado-no-rj/,Diariodocentrodomundo.com.br,"O contraventor Vinicius Drumond, filho do falecido bicheiro Luizinho Drumond, sobreviveu a uma tentativa de assassinato na manhã da última sexta-feira (11) na Avenida das Américas, na Barra da Tijuca, Zona Oeste do Rio de Janeiro. O ataque ocorreu quando crim…"
2025-07-12T05:00:49Z,Revide do Brasil a tarifaço de Trump pode afetar setores da economia,O governo do presidente Luiz Inácio Lula da Silva (PT) afirmou que irá buscar todas as medidas possíveis para evitar a aplicação da sobretaxa de Trump aos produtos brasileiros. Caso não consiga rever… [+6919 chars],https://www.metropoles.com/brasil/revide-do-brasil-a-tarifaco-de-trump-pode-afetar-setores-da-economia,Metropoles.com,Especialistas indicam que uma retaliação contra os atos de Trump poderia gerar prejuízos para setores produtivos da economia brasileira
2025-07-13T18:58:02Z,Petrobras (PETR4) tem nova diretora de Transição Energética e Sustentabilidade,"A engenheira Angélica Garcia Cobas Laureano é a nova diretora executiva de Transição Energética e Sustentabilidade da Petrobras. Eleita pelo Conselho de Administração da estatal, a diretoria da compa… [+1670 chars]",https://www.infomoney.com.br/mercados/petrobras-petr4-tem-nova-diretora-de-transicao-energetica-e-sustentabilidade/,InfoMoney,"Diretoria da companhia passa a ter cinco mulheres; é a primeira vez na história que a alta administração da companhia tem mais mulheres do que homens
The post Petrobras (PETR4) tem nova diretora de Transição Energética e Sustentabilidade appeared first on Inf…"
2025-07-13T13:16:27Z,Briga de milhões: como a Globo tenta se livrar da TV de Collor em Alagoas,"Inverno: Revista em casa por 8,98/semana (./Reprodução)
Continua após publicidade
A principal empresa da família de Fernando Collor de Mello, condenado a oito anos e dez meses de prisão por corrupç… [+3371 chars]",https://veja.abril.com.br/politica/briga-de-milhoes-como-a-globo-tenta-se-livrar-da-tv-de-collor-em-alagoas/,Abril.com.br,"Depois de anos de briga, decisão recente do STJ vai permitir que tribunal analise argumento da emissora fluminense"
2025-07-13T13:11:00Z,"Com stress, ele largou a TI e foi fazer trade: Tinha calafrio quando o celular tocava","Conteúdo XP
Antes de se dedicar ao mercado, Nicholas Kawasaki trabalhou em multinacionais da área de tecnologia da informação. Chegou um momento que quando o celular tocava me dava calafrio. Estava … [+3103 chars]",https://www.infomoney.com.br/mercados/de-ti-ao-day-trade-nicholas-kawasaki-conta-como-virou-trader-full-time/,InfoMoney,"Kawasaki opera no mercado financeiro de forma simples
The post Com stress, ele largou a TI e foi fazer trade: Tinha calafrio quando o celular tocava appeared first on InfoMoney."
2025-07-13T10:06:37Z,Petrobras e outras 3 empresas da América Latina acusadas de se 'beneficiar do genocídio' em Gaza por relatora da ONU,"Crédito, Reuters
Legenda da foto, O Estado brasileiro é sócio majoritário da Petrobras, que aparece na lista das empresas que se 'beneficiam do genocídio' na Faixa de Gaza; empresa nega conclusão do… [+9739 chars]",https://www.bbc.com/portuguese/articles/c8d65mgn6glo,BBC News,"Segundo relatório d Francesca Albanese, a Petrobras e outras empresas latino-americanas continuam exportando produtos e serviços que ajudam Israel a manter a ocupação de territórios palestinos e a guerra na Faixa de Gaza; Petrobras nega conclusão do relatório"
2025-07-14T23:28:10Z,Petrobras destina R$ 30 milhões para Theatro Municipal do Rio de Janeiro via Lei Rouanet,"RIO - A Petrobras e o Theatro Municipal do Rio de Janeiro assinaram nesta segunda-feira, 14, a renovação de contrato de patrocínio, no valor de R$ 30 milhões, via mecanismo da Lei Rouanet (nº 8.313, … [+1849 chars]","https://www.terra.com.br/economia/petrobras-destina-r-30-milhoes-para-theatro-municipal-do-rio-de-janeiro-via-lei-rouanet,fe405c9368729ce849c1e86a8c951c65gx9orlos.html",Terra.com.br,"Renovação do contrato prevê mais de 200 apresentações, entre balés, óperas, concertos sinfônicos e atividades educativas, além das manutenções"
2025-07-14T21:46:11Z,Prêmio Jabuti Acadêmico divulga semifinalistas da 2ª edição; veja lista completa,A Câmara Brasileira do Livro (CBL) acaba de revelar os semifinalistas da segunda edição doPrêmio Jabuti Acadêmico. A premiação literária foi criada em 2024 para reconhecer obras brasileiras de excelê… [+44068 chars],"https://www.terra.com.br/diversao/premio-jabuti-academico-divulga-semifinalistas-da-2-edicao-veja-lista-completa,55ab7ff18f47703cd49764bc5d73249e1y18b1io.html",Terra.com.br,"A premiação foi criada em 2024 para reconhecer obras de excelência das áreas científicas, técnicas e profissionais"
2025-07-14T21:13:59Z,"Ibovespa emenda 6ª perda, maior sequência em mais de 1 ano, e cai 0,65% na sessão","O Ibovespa emendou a sexta sessão no campo negativo e, no intradia, foi ao menor nível desde 9 de junho, abaixo dos 135 mil pontos. Mesmo considerando que a série desfavorável começa do patamar mais … [+2707 chars]",https://www.infomoney.com.br/mercados/ibovespa-emenda-6a-perda-maior-sequencia-em-mais-de-1-ano-e-perde-065-na-sessao/,InfoMoney,"Mesmo considerando que a série desfavorável começa do patamar mais alto já atingido pelo índice, a 141 mil pontos, a sequência de recuos já é a mais longa desde o intervalo entre 28 de maio e 5 de junho de 2024
The post Ibovespa emenda 6ª perda, maior sequênc…"
2025-07-14T20:27:47Z,Ibovespa recua em meio a escalada de tarifas de Trump e fecha em 135 mil pontos,"ASSINE VEJA NEGÓCIOSIbovespa (Cris Faga/NurPhoto/Getty Images)
Continua após publicidade
O Ibovespa, principal índice do mercado financeiro brasileiro, encerrou esta segunda-feira, 14, registrando … [+2642 chars]",https://veja.abril.com.br/economia/ibovespa-recua-em-meio-a-escalada-de-tarifas-de-trump-e-fecha-em-135-mil-pontos/,Abril.com.br,Investidores avaliam pressão tarifária e IBC-Br abaixo das expectativas
2025-07-14T20:12:26Z,Ibovespa recua puxado por Vale e Petrobras; tarifas dos EUA seguem no radar,"O Ibovespa abriu a semana em clima de cautela, marcando sua sexta queda consecutiva nesta segunda-feira, com as blue chips Vale e Petrobras entre as principais pressões e diante de novas ameaças tari… [+645 chars]","https://www.terra.com.br/economia/ibovespa-recua-puxado-por-vale-e-petrobras-tarifas-dos-eua-seguem-no-radar,11134c4e648fa3636b16436f559842e3r9ptpg6h.html",Terra.com.br,"O Ibovespa abriu a semana em clima de cautela, marcando sua sexta queda consecutiva nesta ..."
2025-07-15T21:24:54Z,,"O ministro Dias Toffoli, do STF (Supremo Tribunal Federal), anulou nesta terça-feira (15) todos os atos dos integrantes da Lava Jato e do ex-juiz Sergio Moro contra o doleiro Alberto Youssef, que foi… [+2889 chars]",https://www1.folha.uol.com.br/poder/2025/07/toffoli-anula-todos-os-atos-da-lava-jato-contra-o-doleiro-alberto-youssef.shtml,Uol.com.br,"Assim como em outras decisões, ministro do STF manteve acordo de colaboração premiada"
2025-07-15T21:12:01Z,Ibovespa tem 7 baixas seguidas e tem mais longa série negativa desde agosto de 2023,"O Ibovespa ensaiou neutralizar as perdas que prevaleceram em boa parte do pregão e, assim, impedir que, vindo da marca histórica da 141 mil pontos em 4 de julho, encadeasse sua mais longa sequência n… [+5955 chars]",https://www.infomoney.com.br/mercados/ibovespa-tem-7-baixas-seguidas-e-tem-mais-longa-serie-negativa-desde-agosto-de-2023/,InfoMoney,"A sessão trouxe novos dados de inflação nos EUA, com atenção ainda concentrada, no mercado, aos desdobramentos em torno da ofensiva tarifária retomada recentemente pelo governo Trump
The post Ibovespa tem 7 baixas seguidas e tem mais longa série negativa desd…"
2025-07-15T21:07:17Z,Toffoli invalida decisões da Lava Jato envolvendo Alberto Youssef,"O ministro do Supremo Tribunal Federal (STF), Dias Toffoli. Foto: Divulgação
O ministro Dias Toffoli, do Supremo Tribunal Federal (STF), anulou nesta terça-feira (15) todos os atos da Operação Lava … [+2343 chars]",https://www.diariodocentrodomundo.com.br/toffoli-invalida-decisoes-da-lava-jato-envolvendo-alberto-youssef/,Diariodocentrodomundo.com.br,"O ministro Dias Toffoli, do Supremo Tribunal Federal (STF), anulou nesta terça-feira (15) todos os atos da Operação Lava Jato e do ex-juiz Sergio Moro contra o doleiro Alberto Youssef. A decisão, de caráter definitivo, foi tomada com base em indícios de conlu…"
2025-07-15T20:54:43Z,Toffoli anula todos os atos da Lava-Jato contra o doleiro Alberto Youssef,"Relâmpago: Revista em casa por 8,98/semana
Doleiro Alberto Youssef: dívida alta e ostentação -  (reprodução/Reprodução)
Continua após publicidade
O ministro Dias Toffoli, do STF, anulou, nesta ter… [+2155 chars]",https://veja.abril.com.br/coluna/radar/toffoli-anula-todos-os-atos-da-lava-jato-contra-o-doleiro-alberto-youssef/,Abril.com.br,"'Declaro a nulidade absoluta de todos os atos praticados em desfavor dele no âmbito dos procedimentos vinculados à Operação Lava Jato', diz  o ministro"
2025-07-15T19:28:25Z,Frente Parlamentar aprova plano para discutir exploração de petróleo na Margem Equatorial,"A Frente Parlamentar em Defesa da Exploração de Petróleo na Margem Equatorialdo Brasil aprovou um plano de trabalho, que se estende para 2026, para discutir temas relacionados à futura atividade petr… [+1115 chars]",https://valor.globo.com/politica/noticia/2025/07/15/frente-parlamentar-aprova-plano-para-discutir-explorao-de-petrleo-na-margem-equatorial.ghtml,Globo,"Entre os principais objetivos da frente, está a realização de audiências públicas com representantes do setor privado, órgãos reguladores, especialistas, investidores e comunidades locais"
2025-07-16T20:28:43Z,Ibovespa apaga sequência de perdas e tem leve alta com apoio de Vale em sessão volátil,"Depois de iniciar o pregão sob pressão, o Ibovespa oscilou entre perdas e ganhos até encerrar com leve alta de 0,19%, aos 135.511 pontos, revertendo a sequência de quedas registrada nos últimos sete … [+1699 chars]",https://valor.globo.com/financas/noticia/2025/07/16/ibovespa-apaga-sequencia-de-perdas-e-tem-leve-alta-com-apoio-de-vale-em-sessao-volatil.ghtml,Globo,"Volume financeiro do índice não foi muito expressivo, o que pode ter ajudado a ampliar a volatilidade"
2025-07-16T18:53:51Z,Anulação de atos contra Youssef atinge raiz da ‘lava jato’ e deve gerar efeito cascata,"Boa parte dos processos da “lava jato” pode ser anulada ou ao menos revisada após a decisão do ministro Dias Toffoli, do Supremo Tribunal Federal, de derrubar todos os atos da operação contra o dolei… [+5533 chars]",https://www.conjur.com.br/2025-jul-16/anulacao-de-atos-contra-youssef-atinge-raiz-da-lava-jato-e-deve-gerar-efeito-cascata/,Conjur.com.br,"Boa parte dos processos da “lava jato” pode ser anulada ou ao menos revisada após a decisão do ministro Dias Toffoli, do Supremo Tribunal Federal, de derrubar todos os atos da operação contra o doleiro Alberto Youssef. Para especialistas entrevistados pela re…"
2025-07-16T15:22:23Z,Ibovespa cai e perde os 135 mil após nova ofensiva dos EUA e de olho em pesquisa,"A nova ofensiva do governo americano na onda das tarifas ao Brasil e o recuo do petróleo no exterior pesam no Ibovespa na manhã desta quarta-feira, 16. A desvalorização ainda reflete a fraqueza das b… [+4102 chars]",https://www.infomoney.com.br/mercados/ibovespa-cai-e-perde-os-135-mil-apos-nova-ofensiva-dos-eua-e-de-olho-em-pesquisa/,InfoMoney,"Com a agenda de indicadores esvaziada no Brasil, o foco fica totalmente no temas sobre tarifas e nas divulgações internacionais
The post Ibovespa cai e perde os 135 mil após nova ofensiva dos EUA e de olho em pesquisa appeared first on InfoMoney."
2025-07-16T14:23:12Z,Como analisar os resultados trimestrais das empresas da B3? Veja exemplo com a Vale,"A temporada de resultados do segundo trimestre de 2025 das companhias listadas na B3 começou. O período costuma atrair a atenção dos investidores mais experientes, que analisam os dados financeiros p… [+9266 chars]",https://www.infomoney.com.br/mercados/como-analisar-os-resultados-trimestrais-das-empresas-da-b3-veja-exemplo-com-a-vale/,InfoMoney,"De forma geral, a análise dos resultados financeiros se apoia em verificar a liquidez, a rentabilidade e o endividamento da empresa; veja como fazer 
The post Como analisar os resultados trimestrais das empresas da B3? Veja exemplo com a Vale appeared first o…"
2025-07-16T14:22:28Z,Ibovespa recua puxado por Petrobras em dia de vencimento de opções,"A bolsa paulista operava com viés negativo nesta quarta-feira, pressionada principalmente pelas ações da blue chip Petrobras, que ameaçavam estender a sequência de perdas do índice, em sessão ainda m… [+3169 chars]","https://www.terra.com.br/economia/ibovespa-recua-puxado-por-petrobras-em-dia-de-vencimento-de-opcoes,5a4ba5c59ffa201cb87807cf55a63647qwhns85w.html",Terra.com.br,"A bolsa paulista operava com viés negativo nesta quarta-feira, pressionada principalmente pelas ..."
2025-07-17T21:22:18Z,,"A defesa do ex-governador do Rio de Janeiro, Sérgio Cabral, pediu ao STF a anulação de uma das ações penais da Lava Jato, com base na decisão que reconheceu a nulidade dos atos praticados contra o do… [+857 chars]",https://noticias.uol.com.br/politica/ultimas-noticias/2025/07/17/cabral-pede-anulacao-de-processo-com-base-em-decisao-do-stf-sobre-youssef.htm,Uol.com.br,"A defesa do ex-governador do Rio de Janeiro, Sérgio Cabral, pediu ao STF a anulação de uma das ações penais da Lava Jato, com base na decisão que reconheceu a nulidade dos atos praticados contra o doleiro Alberto Youssef.O que aconteceuOs advogados ale"
2025-07-17T21:15:24Z,Petrobras faz história com maioria feminina na diretoria executiva pela primeira vez,A Petrobras acaba de escrever um novo capítulo na história da representatividade feminina no setor energético brasileiro. O Conselho de Administração da empresa elegeu na sexta-feira (11) a engenheir… [+5240 chars],https://valor.globo.com/conteudo-de-marca/petrobras/noticia/2025/07/17/petrobras-faz-historia-com-maioria-feminina-na-diretoria-executiva-pela-primeira-vez.ghtml,Globo,Angélica Laureano assume a diretoria de Transição Energética e Sustentabilidade e a companhia passa a contar com cinco mulheres entre nove integrantes do Conselho de Administração
2025-07-17T21:15:15Z,Ibovespa tem dia de cautela com tarifas e fiscal; mercado espera por falas de Lula,"SÃO PAULO (Reuters) O Ibovespa fechou com alta modesta nesta quinta-feira, operando lateralizado na maior parte do pregão, à medida que agentes financeiros seguem cautelosos diante do ambiente ainda … [+5039 chars]",https://www.infomoney.com.br/mercados/ibovespa-tem-dia-de-cautela-com-tarifas-e-fiscal-mercado-espera-por-falas-de-lula/,InfoMoney,"Pronunciamento de Lula sobre a tarifa de 50% de Donald Trump contra o Brasil será às 20h30
The post Ibovespa tem dia de cautela com tarifas e fiscal; mercado espera por falas de Lula appeared first on InfoMoney."
2025-07-17T20:23:49Z,Ibovespa fecha estável com cenário eleitoral e sem apoio de Vale e Petrobras,"A menor liquidez no mercado acionário local potencializou as oscilações do Ibovespa nesta quinta-feira. Na mínima do dia, o índice chegou a tocar os 135.016 pontos. A percepção de que o presidente Lu… [+1060 chars]",https://valor.globo.com/financas/noticia/2025/07/17/ibovespa-fecha-estavel-com-cenario-eleitoral-e-sem-apoio-de-vale-e-petrobras.ghtml,Globo,A percepção de que o presidente Luiz Inácio Lula da Silva (PT) vem ganhando força na comparação com candidatos da direita no 1º turno ajudou a elevar a cautela dos investidores
2025-07-17T20:08:23Z,"Bolsa termina o dia estável, aos 135 mil pontos, de olho em eleições e imbróglio do IOF","ASSINE VEJA NEGÓCIOSIbovespa (NurPhoto/Getty Images)
Continua após publicidade
A bolsa brasileira encerrou o pregão desta quinta-feira, 17, em estabilidade. A variação do índice Ibovespa ao longo d… [+2970 chars]",https://veja.abril.com.br/economia/bolsa-termina-o-dia-estavel-aos-135-mil-pontos-de-olho-em-eleicoes-e-imbroglio-do-iof/,Abril.com.br,"Investidores se atentaram à popularidade de Lula turbinada por Trump, além de dificuldade fiscal"
2025-07-18T21:30:23Z,Orquestra Petrobras Sinfônica chega a SP com dose dupla em agosto,"Abril Day: Assine Digital Completo por 2,99
Maestro Isaac Karabtchevsky (Juan Montoni/Divulgação)
Continua após publicidade
No ano em que celebra seus 50 anos, a Orquestra Petrobras Sinfônica cheg… [+783 chars]",https://veja.abril.com.br/coluna/radar/orquestra-petrobras-sinfonica-chega-a-sp-com-dose-dupla-em-agosto/,Abril.com.br,Apresentações nos dias 2 e 3 do próximo mês se inserem no contexto de celebração dos 50 anos do grupo
2025-07-18T20:23:18Z,Ibovespa perde os 134 mil pontos com embate 'político-tarifário' e sem apoio de bancos,"m um pregão marcado pelo intenso noticiário eleitoral, o Ibovespa adotou um movimento negativo desde o início da sessão. No fim dos negócios, o índice fechou em queda forte de 1,61%, aos 133.382 pont… [+1116 chars]",https://valor.globo.com/financas/noticia/2025/07/18/ibovespa-perde-os-134-mil-pontos-com-embate-politico-tarifario-e-sem-apoio-de-bancos.ghtml,Globo,A grande preocupação de agentes financeiros é que o possível aumento das tensões comerciais respingue na corrida eleitoral de 2026
2025-07-18T20:07:29Z,Ibovespa fecha abaixo dos 134 mil pontos após tornozeleira de Bolsonaro elevar tensão com os EUA,"ASSINE VEJA NEGÓCIOSIbovespa, em São Paulo (Reinaldo Canato/VEJA)
Continua após publicidade
O mercado financeiro aprofundou perdas ao longo do dia e encerrou o pregão desta sexta-feira em baixa de … [+2674 chars]",https://veja.abril.com.br/economia/ibovespa-fecha-abaixo-dos-134-mil-pontos-apos-tornozeleira-de-bolsonaro-elevar-tensao-com-os-eua/,Abril.com.br,Mercado financeiro observa com apreensão a crise tarifária entre Brasil e Trump
2025-07-18T18:28:12Z,Ibovespa: temor em “dose dupla” de escalada de tarifas faz índice cair mais de 1%,"O Ibovespa ampliava as perdas nesta tarde, penalizado pela aceleração da queda das ações da Petrobras (PETR3;PETR4), em linha com a fraqueza do petróleo no exterior, e pela piora dos índices de ações… [+4470 chars]",https://www.infomoney.com.br/mercados/ibovespa-temor-em-dose-dupla-de-escalada-de-tarifas-faz-indice-cair-mais-de-1-entenda/,InfoMoney,"Uma das dúvidas é se operação de hoje da PF contra Jair Bolsonaro pode levar a uma postura mais agressiva por parte do presidente dos Estados Unidos, Donald Trump, em relação às tarifas contra o Brasil
The post Ibovespa: temor em “dose dupla” de escalada de t…"
2025-07-18T15:12:19Z,Tensão política no Brasil fará Trump “dobrar a aposta”? Veja os cenários do mercado,"O Ibovespa cai na sessão desta sexta-feira, 18, apesar da alta das commodities. Um dos entendimentos de analistas é que a operação da Polícia Federal (PF) contra o ex-presidente Jair Bolsonaro pela m… [+5329 chars]",https://www.infomoney.com.br/mercados/tensao-politica-no-brasil-fara-trump-dobrar-a-aposta-tarifas-veja-os-cenarios-do-mercado/,InfoMoney,"Temor com tarifas por tensão política no Brasil leva Ibovespa à queda, mas há visões diversas sobre próximos passos de Trump
The post Tensão política no Brasil fará Trump “dobrar a aposta”? Veja os cenários do mercado appeared first on InfoMoney."
2025-07-19T20:36:58Z,,"Desde quando a Petrobras anunciou a redução no preço da gasolina, em junho, os postos vêm registrando uma queda gradual nos valores praticados, ainda que modesta e inferior ao que se previa. A retraç… [+1054 chars]",https://www.uol.com.br/carros/noticias/redacao/2025/07/19/etanol-x-gasolina-alcool-da-prejuizo-na-maior-parte-do-brasil-veja-precos.htm,Uol.com.br,"Abastacer carros flex com etanol está economicamente mais vantajoso apenas em nove estados e no Distrito Federal.Nas demais 17 unidades federativas do Brasil, vale mais a pena colocar gasolina no tanque de combustível.É o que aponta estudo da empresa d"
2025-07-19T17:39:07Z,"As mentiras, o cinismo e o desespero de Bolsonaro","Bolsonaro em entrevista a BandNews. Foto: Reprodução
Originalmente publicado em O Cafézinho
Respondemos aqui às principais mentiras de Bolsonaro em sua entrevista à Band News.É extremamente importa… [+6699 chars]",https://www.diariodocentrodomundo.com.br/as-mentiras-o-cinismo-e-o-desespero-de-bolsonaro/,Diariodocentrodomundo.com.br,"Originalmente publicado em O Cafézinho Respondemos aqui às principais mentiras de Bolsonaro em sua entrevista à Band News. É extremamente importante desmentir as mentiras de Bolsonaro. Na entrevista à Band News, realizada ontem após comparecer à Polícia Feder…"
2025-07-19T17:01:17Z,"‘Paguei pelos meus erros’, diz Youssef, agora livre da Lava-Jato","Abril Day: Assine Digital Completo por 2,99
Cometi muitos erros, mas eles cometeram erros demais. Paguei pelos meus erros e chegou a hora de os outros pagarem também, diz Youssef (Jefferson Coppola/… [+926 chars]",https://veja.abril.com.br/coluna/radar/paguei-pelos-meus-erros-diz-youssef-agora-livre-da-lava-jato/,Abril.com.br,"'Paguei pelos meus erros e chegou a hora de os outros pagarem também', diz o doleiro"
2025-07-19T08:00:00Z,Operação contra Bolsonaro fortalece Tarcísio e prejudica conversa com os EUA,O nome de Tarcísio de Freitas (Republicanos) para representar a direita nas eleições presidenciais de 2026 sai fortalecido após a operação da Polícia Federal contra o ex-presidente Jair Bolsonaro (PL… [+3543 chars],https://www.infomoney.com.br/politica/operacao-contra-bolsonaro-fortalece-tarcisio-e-prejudica-conversa-com-os-eua/,InfoMoney,"Cristiano Noronha, vice-presidente da Arko Advice, analisa operação da PF contra o ex-presidente Jair Bolsonaro (PL), que teve de colocar tornozeleira eletrônica
The post Operação contra Bolsonaro fortalece Tarcísio e prejudica conversa com os EUA appeared fi…"
2025-07-20T06:12:12Z,Alto Escalão: Nubank chama ex-BC,"O ex-diretor de regulação do Banco Central, Otávio Damaso, virou consultor para assuntos regulatórios e de gestão do Nubank.
Santander Corretora. Contratou Daniel Cunha (ex-BGC) como head de Macro S… [+1624 chars]","https://www.terra.com.br/economia/alto-escalao-nubank-chama-ex-bc,fe1c4a3fa24313af863b3b19b29d5231ckpbom5i.html",Terra.com.br,"O ex-diretor de regulação do Banco Central, Otávio Damaso, virou consultor para assuntos ..."
2025-07-21T22:49:01Z,Silveira diz esperar que Petrobras reduza ainda mais combustíveis: “Temos condição”,"O ministro de Minas e Energia, Alexandre Silveira, disse esperar forte volatilidade no mercado internacional de petróleo, devido aos conflitos geopolíticos, e afirmou que o governo faz de tudo para m… [+1776 chars]",https://www.infomoney.com.br/politica/silveira-diz-esperar-que-petrobras-reduza-ainda-mais-combustiveis-temos-condicao/,InfoMoney,"Questionado sobre suas pretensões eleitorais, Silveira reafirmou o apoio à reeleição de Lula e não descartou ser candidato a algum posto por Minas Gerais em 2026
The post Silveira diz esperar que Petrobras reduza ainda mais combustíveis: “Temos condição” appe…"
2025-07-21T20:27:13Z,TIM paga na próxima quarta dividendos e JCP: saiba se você tem direito a receber,"ASSINE VEJA NEGÓCIOS (Divulgação/Divulgação)
Continua após publicidade
A TIM (TIMS3) é mais uma empresa que paga neste fim de mês proventos aos investidores. As informações constam do site de relaç… [+1241 chars]",https://veja.abril.com.br/economia/tim-paga-na-proxima-quarta-dividendos-e-jcp-saiba-se-voce-tem-direito-a-receber/,Abril.com.br,Benefícios se incorporam a anúncios feitos anteriormente por Bradesco e Petrobras
2025-07-21T20:26:21Z,Ibovespa retoma 134 mil pontos em dia de correção; ação da Vale sobe quase 3%,"Após encerrar com forte perda de 1,61% na sexta-feira, o Ibovespa passou por um movimento de correção desde o início dos negócios desta segunda-feira, apoiado pelo avanço de blue chips de commodities… [+1364 chars]",https://valor.globo.com/financas/noticia/2025/07/21/ibovespa-retoma-134-mil-pontos-em-dia-de-correcao-acao-da-vale-sobe-quase-3percent.ghtml,Globo,"Índice chegou a se aproximar dos 135 mil pontos, mas devolveu um pouco dos ganhos durante a tarde, em meio a uma virada negativa de bancos"
2025-07-21T18:33:22Z,Eduardo Cunha muda-se para a BH de Dilma e monta rede de 3 rádios,"Ex-presidente da Câmara dos Deputados, Eduardo Cunha está de mudança para Belo Horizonte (MG). Pivô do impeachment da ex-presidente da República Dilma Rousseff (PT), o ex-deputado agora viverá na cap… [+3563 chars]",https://www.metropoles.com/colunas/andreza-matais/eduardo-cunha-muda-pra-bh,Metropoles.com,Eduardo Cunha muda-se para Belo Horizonte e diz que provavelmente mudará domicílio eleitoral para MG
2025-07-21T16:49:57Z,Favela Gaming distribuirá 5 mil bolsas para jovens periféricos com apoio da Petrobras,"O projeto Favela Gaming vai conceder 5 mil bolsas de estudo e oferecer mais de 120 aulas gratuitas sobre carreiras no universo dos games em 2025. Com apoio da Petrobras, a iniciativa já iniciou uma t… [+714 chars]",https://ultimosegundo.ig.com.br/parceiros/espaco-do-povo/2025-07-21/favela-gaming-distribuira-5-mil-bolsas-para-jovens-perifericos-com-apoio-da-petrobras.html,Ig.com.br,O projeto Favela Gaming vai conceder 5 mil bolsas de estudo e oferecer mais de...
2025-07-22T20:49:17Z,Ibovespa tem leve queda após flertar com 135 mil pontos e apesar de Vale e Petrobras,"SÃO PAULO (Reuters) O Ibovespa fechou com um declínio modesto nesta terça-feira, apesar do avanço das blue chips Vale (VALE3) e Petrobras (PETR3;PETR4), uma vez que permanecem receios com potenciais … [+4355 chars]",https://www.infomoney.com.br/mercados/ibovespa-tem-leve-queda-apos-flertar-com-135-mil-pontos-e-apesar-de-vale-e-petrobras/,InfoMoney,"Ações de blue chips tiveram ganhos na sessão desta terça-feira
The post Ibovespa tem leve queda após flertar com 135 mil pontos e apesar de Vale e Petrobras appeared first on InfoMoney."
2025-07-22T20:27:31Z,Dólar e Bolsa fecham estáveis em dia de trégua de Trump com tarifaço,"Os mercados de câmbio e ações encerraram esta terça-feira (22/7) estáveis no Brasil, embora tenham oscilado bastante ao longo dos respectivos pregões. O dólar registrou uma pequena alta de 0,04%, cot… [+3178 chars]",https://www.metropoles.com/negocios/dolar-e-bolsa-fecham-estaveis-em-dia-de-tregua-de-trump-com-tarifaco,Metropoles.com,"A moeda americana registrou uma pequena alta de 0,04%, a R$ 5,56, e o Ibovespa fechou com leve queda de 0,10%, aos 134.035 pontos"
2025-07-22T20:25:56Z,Bolsa tem pequena queda e estaciona nos 134 mil pontos apesar da Vale (VALE3),"ASSINE VEJA NEGÓCIOSPainel eletrônico na bolsa de valores B3 em São Paulo - 09/01/2019 (Cris Faga/NurPhoto/Getty Images)
Continua após publicidade
A bolsa de valores encerrou o pregão desta terça-f… [+2112 chars]",https://veja.abril.com.br/economia/bolsa-tem-pequena-queda-e-estaciona-nos-134-mil-pontos-apesar-da-vale-vale3/,Abril.com.br,"Ibovespa estaciona nos 134 mil pontos, apesar do bom desempenho da Vale (VALE3) no pregão; Embraer (EMBR3) decepciona apesar de resultados bons"
2025-07-22T17:54:52Z,,"Os livros e autores finalistas do Prêmio Jabuti Acadêmico, que chega a sua segunda edição, foram anunciados pela Câmara Brasileira do Livro nesta terça (22).
Na lista constam nomes como o do ministr… [+24487 chars]",https://www1.folha.uol.com.br/ciencia/2025/07/alexandre-de-moraes-tem-livro-indicado-ao-jabuti-academico-veja-finalistas.shtml,Uol.com.br,"Segunda edição do prêmio tem 26 categorias e lista obras de Lilia Schwarcz, Renato Lessa e Marcelo Gleiser entre concorrentes"
2025-07-22T17:29:00Z,Rio Innovation Week: grandes nomes debatem construção de futuro justo,"De 12 a 15 de agosto, o Rio de Janeiro se transforma no principal ponto de encontro para quem pensa no futuro. O Rio Innovation Week 2025 chega à quinta edição consolidado como o maior evento de inov… [+6981 chars]",https://www.metropoles.com/conteudo-especial/rio-innovation-week-2025,Metropoles.com,"De 12 a 15 de agosto, evento traz 2 mil startups, 400 expositores e 40 palcos simultâneos, com foco em inovação, tecnologia e impacto social"
2025-07-23T21:15:31Z,Ibovespa sobe quase 1% e retoma os 135 mil pontos com foco no exterior,"O Ibovespa voltou nesta quarta-feira, 12, à casa dos 135 mil pontos com ganho perto de 1%, porcentual de alta que não era visto na B3 fazia 20 dias. Entre a mínima e a máxima da sessão, o índice osci… [+4475 chars]",https://www.infomoney.com.br/mercados/ibovespa-sobe-quase-1-e-retoma-os-135-mil-pontos-com-foco-no-exterior/,InfoMoney,"Nas três primeiras sessões do intervalo, o Ibovespa acumula avanço de 1,49% e, no mês, ainda cede 2,51% - no ano, aumenta 12,54%
The post  Ibovespa sobe quase 1% e retoma os 135 mil pontos com foco no exterior appeared first on InfoMoney."
2025-07-23T20:21:08Z,Ibovespa sobe pelo otimismo do mercado com exterior; WEG despenca,"ASSINE VEJA NEGÓCIOSForça total: para produzir itens como motores elétricos, geradores e turbinas, a WEG tem fábricas em quinze países (Weg/Divulgação)
Continua após publicidade
A bolsa de valores … [+2444 chars]",https://veja.abril.com.br/economia/bolsa-de-valores-hoje-23-de-junho-2025/,Abril.com.br,WEG divulgou resultados nesta quarta-feira e foi penalizada pelo mercado; ações caíram mais de 7% no pregão
2025-07-23T19:30:34Z,Ações da Petrobras avançam em dia positivo para o setor e com “repique” de papéis,"As ações da Petrobras apresentam uma sessão de forte alta nesta quarta-feira, ampliando os ganhos pela terceira sessão seguida, em linha com o dia mais positivo para petroleiras. Analistas citam que … [+1627 chars]",https://valor.globo.com/financas/noticia/2025/07/23/acoes-da-petrobras-avancam-em-dia-positivo-para-o-setor-e-com-repique-de-papeis.ghtml,Globo,As ações da Petrobras apresentam uma sessão de for...
2025-07-23T19:00:57Z,"Exploração de petróleo na Foz do Amazonas é bomba para biodiversidade, alertam cientistas","Relâmpago: Revista em casa a partir de 10,99Em texto publicado na Nature, pesquisadores brasileiros mostram a sobreposição entre os blocos de exploração e regiões de conservação.
Por Eduardo Lima
 … [+6478 chars]",https://super.abril.com.br/ciencia/exploracao-de-petroleo-na-foz-do-amazonas-e-bomba-para-biodiversidade-alertam-cientistas/,Abril.com.br,"Em texto publicado na Nature, pesquisadores brasileiros mostram a sobreposição entre os blocos de exploração e regiões de conservação."
2025-07-23T16:10:51Z,,"As atrizes Sophie Charlotte, Dira Paes e Alana Cabral, protagonistas de ""Três Graças"", se encontraram pela primeira vez no set de gravação da novela, na segunda-feira (21), na Brasilândia, zona norte… [+1564 chars]",https://www1.folha.uol.com.br/colunas/monicabergamo/2025/07/sophie-charlotte-dira-paes-e-alana-cabral-se-encontram-pela-1a-vez-em-set-de-tres-gracas-veja-foto.shtml,Uol.com.br,"Reunião ocorreu na segunda (21) na Brasilândia, na zona norte de São Paulo, onde são gravadas cenas da trama"
2025-07-24T20:59:49Z,Favela Gaming lança laboratório móvel para levar games e tecnologia a comunidades brasileiras,"Em busca de oferecer acesso gratuito a games e tecnologia para diversas comunidades, O Favela Gaming anunciou o Lab Móvel, centro tecnológico itinerante que percorrerá comunidades em São Paulo, Rio d… [+1921 chars]",https://br.ign.com/tech/143624/news/favela-gaming-lanca-laboratorio-movel-para-levar-games-e-tecnologia-a-comunidades-brasileiras,IGN,"Estrutura passará por São Paulo, Rio de Janeiro, Salvador, Recife, João Pessoa e Fortaleza"
2025-07-24T20:59:33Z,"Ibovespa cai 1,2% com WEG e Embraer em destaque por preocupações sobre tarifa dos EUA","SÃO PAULO (Reuters) O Ibovespa fechou em queda nesta quinta-feira, reflexo de preocupações com os potenciais efeitos das tarifas comerciais norte-americanas que devem começar a vigorar na próxima sem… [+7141 chars]",https://www.infomoney.com.br/mercados/ibovespa-cai-12-com-weg-e-embraer-em-destaque-por-preocupacoes-sobre-tarifa-dos-eua/,InfoMoney,"O volume financeiro somou R$15,66 bilhões, bem abaixo da média diária do mês, de R$ 21,2 bilhões
The post Ibovespa cai 1,2% com WEG e Embraer em destaque por preocupações sobre tarifa dos EUA appeared first on InfoMoney."
2025-07-24T20:23:19Z,Ibovespa perde os 134 mil com perspectiva de acordo com EUA mais distante,"Enquanto o acordo comercial com o Japão e a chance de um desfecho com a União Europeia ajudaram a impulsionar uma correção do Ibovespa ontem, a perspectiva de que o Brasil possa não chegar a um pacto… [+1270 chars]",https://valor.globo.com/financas/noticia/2025/07/24/ibovespa-perde-os-134-mil-com-perspectiva-de-acordo-com-eua-mais-distante.ghtml,Globo,Movimento mais negativo do Ibovespa foi intensificado pelo recuo de blue chips
2025-07-24T20:18:13Z,Ibovespa perde fôlego e ‘piso’ dos 134 mil pontos em dia de queda de gigantes,"ASSINE VEJA NEGÓCIOSSede da B3, em São Paulo (B3/Divulgação)
Continua após publicidade
O Ibovespa perdeu nesta quinta-feira, 24, o que havia conquistado no pregão anterior. Perdeu mais do que isso:… [+2261 chars]",https://veja.abril.com.br/economia/ibovespa-perde-folego-e-piso-dos-134-mil-pontos-em-dia-de-queda-de-gigantes/,Abril.com.br,Confira desempenho da bolsa de valores nesta quinta-feira
2025-07-24T17:25:16Z,Vale (VALE3) volta a negociar em tendência de alta; Petrobras (PETR4) está em baixa,"ASSINE VEJA NEGÓCIOSA presidente da Petrobras, Magda Chambriard, discursa durante Foro Empresarial Bolívia Brasil, em Santa Cruz de la Sierra (Valeria Arnez/Divulgação)
Continua após publicidade
A … [+1903 chars]",https://veja.abril.com.br/economia/vale-vale3-volta-a-negociar-em-tendencia-de-alta-petrobras-petr4-esta-em-baixa/,Abril.com.br,Atenção investidor! Confira relatório de análise gráfica do Itaú BBA que pretende determinar o comportamento futuro de algumas ações
2025-07-25T22:54:04Z,Força-tarefa entre ministérios elabora 30 medidas de contingência a tarifaço de Trump; entenda,"ResumoGoverno brasileiro prepara plano de contingência com 30 medidas para mitigar impacto de tarifas norte-americanas, incluindo crédito a setores afetados, compras governamentais e possível quebra … [+2136 chars]","https://www.terra.com.br/economia/forca-tarefa-entre-ministerios-elabora-30-medidas-de-contingencia-a-tarifaco-de-trump-entenda,aecc170b55a7789a0f488a8546a87b01mio8i32p.html",Terra.com.br,"Força-tarefa entre ministérios apresenta 30 medidas estratégicas para mitigar impacto do tarifaço de Trump, previsto para 1º de agosto. Plano inclui créditos, fundo privado e alternativas ao mercado externo. Avaliação final está nas mãos de Lula. Acompanhe os…"
2025-07-25T20:56:39Z,"Ibovespa recua 0,21% em meio a receio sobre tarifas; na semana, tem leve alta de 0,1%","SÃO PAULO (Reuters) O Ibovespa fechou com um declínio modesto nesta sexta-feira, em mais um pregão com volume financeiro baixo, refletindo a falta de apetite a risco de agentes financeiros, em meio a… [+5225 chars]",https://www.infomoney.com.br/mercados/ibovespa-recua-021-em-meio-a-receio-sobre-tarifas-na-semana-tem-leve-alta-de-01/,InfoMoney,"O volume financeiro no pregão somou apenas R$13,96 bilhões, contra uma média diária de R$20,89 bilhões em julho
The post Ibovespa recua 0,21% em meio a receio sobre tarifas; na semana, tem leve alta de 0,1% appeared first on InfoMoney."
2025-07-25T20:14:03Z,Ibovespa anda de lado e cresce expectativa em torno da “Supersemana”,"ASSINE VEJA NEGÓCIOSO presidente dos Estados Unidos, Donald Trump - 18/07/2025 (Brendan SMIALOWSKI/AFP)
Continua após publicidade
Um pregão meio sem graça, com cara de sexta-feira e com o mercado a… [+3128 chars]",https://veja.abril.com.br/economia/bolsa-valores-hoje-25-julho-2025/,Abril.com.br,Mercado repercutiu a prévia da inflação na falta de notícia melhor envolvendo a disputa comercial entre Brasil e Estados Unidos
2025-07-25T15:48:48Z,Al Gore: COP 30 põe Brasil na liderança global em debate sobre o clima,"Um dos destaques do primeiro dia da Expert XP 2025, um dos maiores festivais de investimentos do mundo, o ex-vice-presidente dos Estados Unidos Albert Arnold Gore Jr., conhecido como Al Gore, colocou… [+8324 chars]",https://www.metropoles.com/negocios/al-gore-cop-30-poe-brasil-na-lideranca-global-em-debate-sobre-o-clima,Metropoles.com,"Ex-vice-presidente dos EUA, Al Gore afirma que é possível lucrar investindo em energias renováveis e apostando na sustentabilidade"
2025-07-25T15:11:23Z,Por que a Petrobras (PETR4) pediu para acompanhar venda da Braskem (BRKM5) no Cade?,"© 2000-2025 InfoMoney. Todos os direitos reservados.
 O InfoMoney preza a qualidade da informação e atesta a apuração de todo o conteúdo produzido por sua
 equipe,
 ressaltando, no entanto, que nã… [+1238 chars]",https://www.infomoney.com.br/mercados/por-que-a-petrobras-petr4-pediu-para-acompanhar-venda-da-braskem-brkm5-no-cade/,InfoMoney,"Petrobras solicita entrada como terceira interessada no acordo sobre Braskem
The post Por que a Petrobras (PETR4) pediu para acompanhar venda da Braskem (BRKM5) no Cade? appeared first on InfoMoney."
2025-07-26T19:38:59Z,"Com “otimismo cauteloso”, gestores destacam oportunidades na Bolsa brasileira","A hora de investir nas empresas da Bolsa brasileira é agora, segundo especialistas em investimentos que participaram do painel É hora da Bolsa Brasileira? Quais as melhores oportunidades, realizado n… [+3449 chars]",https://www.infomoney.com.br/onde-investir/com-otimismo-cauteloso-gestores-destacam-oportunidades-na-bolsa-brasileira/,InfoMoney,"Investidores devem aproveitar o momento de sentimento neutro e oportunidades setoriais, afirmam especialistas na Expert XP 2025
The post Com “otimismo cauteloso”, gestores destacam oportunidades na Bolsa brasileira appeared first on InfoMoney."
2025-07-26T01:21:11Z,Ângela Carrato: Tarifaço mostra que a mídia subimperialista do Brasil continua entreguista,"Por Ângela Carrato*
Em 1º de agosto entra em vigor o tarifaço de 50% sobre os produtos brasileiros exportados para os Estados Unidos, conforme anúncio feito por Donald Trump.
Se ele não voltar atrá… [+15092 chars]",https://www.viomundo.com.br/politica/angela-carrato-tarifaco-mostra-que-a-midia-subimperialista-do-brasil-continua-entreguista.html,Viomundo.com.br,"Para Tio Sam e seus aliados
O post Ângela Carrato: Tarifaço mostra que a mídia subimperialista do Brasil continua entreguista apareceu primeiro em Viomundo."
2025-07-27T23:53:50Z,Microfluídica: um laboratório que cabe na palma da mão e no futuro do pré-sal,"Se você já usou uma impressora jato de tinta ou fez um teste rápido de COVID, gravidez ou glicose, provavelmente teve contato com a microfluídica - uma tecnologia cada vez mais presente no nosso dia … [+6190 chars]","https://www.terra.com.br/noticias/microfluidica-um-laboratorio-que-cabe-na-palma-da-mao-e-no-futuro-do-pre-sal,d2dc7cc29217907a5126624493f98afcrhj4vnsc.html",Terra.com.br,Pesquisas brasileiras aplicam a tecnologia miniaturizada para melhorar processo de extração de óleo e gás
2025-07-28T23:25:11Z,Deltan se manifesta após derrota judicial para Lula: “Faria de novo”,"Condenado a pagar uma multa de R$ 135,4 mil por danos morais a Lula, o ex-procurador da Lava Jato Deltan Dallagnol afirmou que faria de novo mil vezes a apresentação em PowerPoint que colocou o presi… [+2192 chars]",https://www.metropoles.com/colunas/paulo-cappelli/deltan-se-manifesta-apos-derrota-judicial-para-lula-faria-de-novo,Metropoles.com,"Condenado a pagar R$ 135 mil a Lula por danos morais, Deltan Dallagnol diz que valor será pago com doações feitas por 12 mil pessoas"
2025-07-28T21:25:41Z,Brasil inicia o desenvolvimento de microrreatores nucleares,"Nove instituições, entre universidades, institutos de pesquisa e uma diretoria da Marinha do Brasil, e quatro empresas unem esforços para desenvolver no país os meios e a tecnologia necessários para … [+13853 chars]",https://gizmodo.uol.com.br/brasil-inicia-o-desenvolvimento-de-microrreatores-nucleares/,Uol.com.br,"Sistema de geração elétrica em elaboração no país se propõe a atender comunidades isoladas e substituir geradores a diesel
The post Brasil inicia o desenvolvimento de microrreatores nucleares appeared first on Giz Brasil."
2025-07-28T20:59:05Z,Ibovespa recua 1% e fecha na mínima em mais de três meses com tarifas dos EUA,"SÃO PAULO (Reuters) O Ibovespa fechou em queda pela terceira sessão seguida nesta segunda-feira, marcando uma mínima em mais de três meses em novo pregão com volume financeiro reduzido, sem sinais de… [+4678 chars]",https://www.infomoney.com.br/mercados/ibovespa-recua-1-e-fecha-na-minima-em-mais-de-tres-meses-com-tarifas-dos-eua/,InfoMoney,"Falta de sinais de mudanças nos planos dos Estados Unidos de adotar uma tarifa de 50% sobre produtos brasileiros a partir da sexta afeta mercado
The post Ibovespa recua 1% e fecha na mínima em mais de três meses com tarifas dos EUA appeared first on InfoMoney."
2025-07-28T20:29:25Z,Ibovespa fecha no menor nível desde abril; bancos pesam sobre o índice,"À medida que o prazo para a negociar com os EUA a imposição de tarifas de 50% sobre o Brasil se aproxima do fim, o nível de aversão a risco cresce na bolsa diante da falta de perspectivas mais positi… [+1394 chars]",https://valor.globo.com/financas/noticia/2025/07/28/ibovespa-fecha-no-menor-nivel-desde-abril-bancos-pesam-sobre-o-indice.ghtml,Globo,Aversão a risco cresce na bolsa diante da falta de perspectivas de acordo sobre tarifas com os EUA antes de 1º de agosto
2025-07-28T20:19:59Z,Ibovespa cai no começo da ‘supersemana’ e estaciona nos 132 mil pontos,"ASSINE VEJA NEGÓCIOSIbovespa (Cris Faga/NurPhoto/Getty Images)
Continua após publicidade
O dólar encerrou em alta de 0,52% nesta segunda-feira, 28, cotado a R$5,59, enquanto o Ibovespa, principal í… [+1879 chars]",https://veja.abril.com.br/economia/ibovespa-cai-no-comeco-da-supersemana-e-estaciona-nos-132-mil-pontos/,Abril.com.br,Mercado apresenta volatilidade de olho em guerra comercial e na 'Superquarta'
2025-07-29T23:58:31Z,"Petrobras (PETR4) eleva em 7,6% produção de petróleo no Brasil no 2º tri","A produção de petróleo da Petrobras (PETR4; PETR3) no Brasil cresceu 7,6% entre abril e junho ante igual período do ano passado, com o avanço operacional de novas plataformas, apesar de paradas progr… [+1563 chars]",https://www.infomoney.com.br/mercados/petrobras-petr4-eleva-em-76-producao-de-petroleo-no-brasil-no-2o-tri/,InfoMoney,"A Petrobras produziu uma média de 2,32 milhões de barris de petróleo por dia (bpd) no país no segundo trimestre
The post Petrobras (PETR4) eleva em 7,6% produção de petróleo no Brasil no 2º tri appeared first on InfoMoney."
2025-07-29T23:56:02Z,"Produção da Petrobras no Brasil no segundo trimestre tem alta de 8,1%","A produção de petróleo, líquido de gás natural (LGN) e gás natural da Petrobras no Brasil atingiu 2,879 milhões de barris de óleo equivalente (BOE) por dia no segundo trimestre, uma alta de 8,1% na c… [+2345 chars]",https://valor.globo.com/empresas/noticia/2025/07/29/producao-da-petrobras-no-brasil-no-segundo-trimestre-tem-alta-de-81percent.ghtml,Globo,"A exportação de petróleo da Petrobras no segundo trimestre atingiu 690 mil barris por dia, o que representou uma alta de 6%"
2025-07-29T23:41:16Z,"Fora da agenda, Lula faz reunião com ministros do União Brasil","O presidente Luiz Inácio Lula da Silva (PT) se reuniu, nesta terça-feira (29/7), com os ministros indicados pelo União Brasil para compor a Esplanada dos Ministérios. O encontro ocorreu fora da agend… [+1493 chars]",https://www.metropoles.com/brasil/fora-da-agenda-lula-faz-reuniao-com-ministros-do-uniao-brasil,Metropoles.com,"União Brasil oficializou, recentemente, a federação com o Progressistas (PP), partido do senador Ciro Nogueira e opositor ao governo Lula"
2025-07-29T22:54:18Z,"Produção total de petróleo e gás da Petrobras soma 2,91 mi boed no 2º tri","A produção total de petróleo e gás da Petrobras somou 2,91 milhões de barris de óleo equivalente ao dia (boed) no segundo trimestre, alta de 7,8% ante o mesmo período do ano passado, apontou relatóri… [+187 chars]","https://www.terra.com.br/economia/producao-total-de-petroleo-e-gas-da-petrobras-soma-291-mi-boed-no-2-tri,9133ac5aeb5a160dbc922c473912b1b89vv9wyrf.html",Terra.com.br,"A produção total de petróleo e gás da Petrobras somou 2,91 milhões de barris de óleo equivalente ..."
2025-07-29T21:03:55Z,"Ibovespa fecha em alta de 0,45% com Embraer como destaque e tarifas dos EUA no radar","O Ibovespa fechou em alta nesta terça-feira, com Embraer (EMBR3) entre os principais suportes, em meio a notícias de que o governo brasileiro pediu aos Estados Unidos a exclusão da fabricante de aero… [+3887 chars]",https://www.infomoney.com.br/mercados/ibovespa-fecha-em-alta-de-045-com-embraer-como-destaque-e-tarifas-dos-eua-no-radar/,InfoMoney,"O volume financeiro somou R$ 16,4 bilhões, contra médias diárias de R$ 20,58 bilhões no mês e R$ 24,26 bilhões no ano
The post Ibovespa fecha em alta de 0,45% com Embraer como destaque e tarifas dos EUA no radar appeared first on InfoMoney."
2025-07-30T23:41:26Z,Entra em vigor lei que define equidade de gênero nos conselhos de administração,"Entrou em vigor semana passada a Lei nº 15.177, de 23 de julho de 2025, que altera a Lei das Estatais (Lei nº 13.303/2016) e a Lei das Sociedades por Ações (Lei nº 6.404/1976) para (i) disciplinar o … [+4107 chars]",https://www.conjur.com.br/?post_type=artigo&p=856090,Conjur.com.br,"Entrou em vigor semana passada a Lei nº 15.177, de 23 de julho de 2025, que altera a Lei das Estatais (Lei nº 13.303/2016) e a Lei das Sociedades por Ações (Lei nº 6.404/1976) para (i) disciplinar o modo de composição dos Conselhos de Administração (CA) de de…"
2025-07-30T21:51:52Z,Juiz manda Deltan cumprir decisão do STJ e pagar R$ 135 mil a Lula,"O juiz Carlo Mazza Britto Melfi, da 5ª Vara Cível de São Bernardo do Campo (SP), deu prazo de 15 dias para que o ex-procurador Deltan Dallagnol pague R$ 135 mil ao presidente Luiz Inácio Lula da Silv… [+1966 chars]",https://www.conjur.com.br/2025-jul-30/juiz-manda-deltan-cumprir-decisao-do-stj-e-pagar-r-135-mil-a-lula/,Conjur.com.br,"O juiz Carlo Mazza Britto Melfi, da 5ª Vara Cível de São Bernardo do Campo (SP), deu prazo de 15 dias para que o ex-procurador Deltan Dallagnol pague R$ 135 mil ao presidente Luiz Inácio Lula da Silva (PT). Deltan foi condenado pela 4ª Turma do Superior Tribu…"
2025-07-30T21:51:45Z,"Mesma Selic, mais risco: como investir na Bolsa, renda fixa e fundos com juros em 15%",O Comitê de Política Monetária do Banco Central (Copom) oficializou nesta quarta-feira (30) uma pausa no aperto monetário amplamente esperada pelo mercado financeiro. O Copom anunciou a manutenção da… [+8069 chars],https://www.infomoney.com.br/onde-investir/mesma-selic-mais-risco-como-investir-na-bolsa-renda-fixa-e-fundos-com-juros-em-15/,InfoMoney,"Para estrategista da XP, alívio monetário faz com que ""superexposição"" em renda fixa seja questionada
The post Mesma Selic, mais risco: como investir na Bolsa, renda fixa e fundos com juros em 15% appeared first on InfoMoney."
2025-07-30T20:30:30Z,"Ibovespa sobe forte após EUA abrir exceções tarifárias; Embraer dispara 10,8%","Depois de abrir em alta em meio a dados mais fortes do mercado de trabalho americano, uma confluência de fatores externos e internos provocou uma oscilação expressiva do Ibovespa nesta quarta-feira, … [+1572 chars]",https://valor.globo.com/financas/noticia/2025/07/30/ibovespa-sobe-forte-apos-eua-abrir-excecoes-tarifarias-embraer-dispara-108percent.ghtml,Globo,"Blue chips também tiveram um dia mais positivo, com exceção de Vale e Banco do Brasil, que cederam 1,79% e 0,25%"
2025-07-30T20:17:31Z,Ibovespa avança quase 1% com tarifaço cheio de exceções para o Brasil,"ASSINE VEJA NEGÓCIOSIbovespa (Cris Faga/Getty Images)
Continua após publicidade
O dólar encerrou em alta de 0,38% nesta quarta-feira, 30, cotado a R$5,59, enquanto o Ibovespa, principal índice da B… [+2784 chars]",https://veja.abril.com.br/economia/ibovespa-avanca-quase-1-com-tarifaco-cheio-de-excecoes-para-o-brasil/,Abril.com.br,"Bolsa se recupera após Trump anunciar tarifas de 50% ao país, mas com exceções como petróleo e minério de ferro"
